pubkey,Total Rewards,Proposal Created & passed,Bonus,"Total Rewards P1, P2",P3 Calls Active,P3 Calls Participating,P3 Calls Raffle,Total Calls Rewards,totalproposalscreated,communitypropcreatorpassed,depositedvotes,alltimerewards,DNQ,councildepositedvotes,unstakedvotes,firstparticipationdate,lastparticipationdate,totalvotes,totalvotesfor,totalvotesagainst,totalproposalparticipation,totalcouncilvotes,CommunityVotes,Voting Reward,totalproposalsfor,totalproposalsagainst,totalcouncilproposalscreated,councilpropcreatorpassed,totalcouncilvotesfor,totalcouncilvotesagainst,rewards
CAP3AmvvUSTHXG7imdHf31d6kNMJ84uos8Ro4AbhKWHS,198461.24,,170.4,16545.24,61916,8,120000,181916,0,0,1065672,749508,0,1,0,1693768391,1696969888,3988566,3988566,0,6,2,4,16374.84,6,0,0,0,2,0,77061
KirkNf6VGMgc8dcbp5Zx3EKbDzN6goyTBMKN9hxSnBT,267295.24,,170.4,16545.24,160750,12,90000,250750,0,0,1951317,758126.66,0,1,76,1693768391,1696969888,7774148,7774148,0,6,2,4,16374.84,6,0,1,1,2,0,215560
248r9HpcRbJWNLWAgxzkdvH9a3Sw29mcKsxHAqxo75fA,235701.53,50000,170.4,62451.53,143250,12,30000,173250,1,1,673506,218812.91,0,1,10,1694025761,1696969888,2020518,2020518,0,5,2,3,12281.13,5,0,0,0,2,0,0
4LAUqfwKXyUrKeBoEpphozvNMgnT3DhYjU3tohGeArjd,16545.24,,170.4,16545.24,,,,0,0,0,92877,50481,0,0,0,1693768391,1696969888,346400,346400,0,4,0,4,16374.84,4,0,0,0,0,0,12554
4V1ahWggQghQUhifW2ryoNoEa1jf3uS68Pxrydp4xnGX,16545.24,,170.4,16545.24,,,,0,0,0,12412,21814,0,0,9547,1693768391,1696969888,49648,49648,0,4,0,4,16374.84,4,0,0,0,0,0,9547
57wq4R1cNeAS2piyXufzhppumPaMHpkQdBkJcweebCqb,92211.24,,170.4,16545.24,45666,7,30000,75666,0,0,89370,64151,0,0,0,1693768391,1696969888,298358,298358,0,4,0,4,16374.84,4,0,0,0,0,0,29561
6G8EPXXQJJ2TffR3idAYEFjRJGLpQUoEgMQTdTty38V4,76545.24,,170.4,16545.24,,7,60000,60000,0,0,133621,72154,0,0,0,1693768391,1696969888,503362,503362,0,4,0,4,16374.84,4,0,0,0,0,0,15561
6W4mspuuDvGok2dVZYkLQJxFAGzceKmfHRUTURjnii9B,224795.24,,170.4,16545.24,178250,13,30000,208250,0,0,1686346,385211.66000000000,0,0,0,1693768391,1696969888,6409234,6409234,0,4,0,4,16374.84,4,0,0,0,0,0,168060
9f8uuHm4VFzsHnBoCUZxF2cuQJzJteX4tzAqL1sPsqXQ,150961.24,,170.4,16545.24,74416,12,60000,134416,0,0,727850,291819.080002,0,0,0,1693768391,1696969888,2548278,2548278,0,4,0,4,16374.84,4,0,0,0,0,0,131561
AZpn1dn3VbLdFe2JfbHe9JmUP7NX2roYyzNwKbDZqqvz,45295.24,,170.4,16545.24,28750,6,,28750,0,0,463774,159926.000001,0,0,0,1693768391,1696969888,1335884,1335884,0,4,0,4,16374.84,4,0,0,0,0,0,59561
Bw3ThDvrwnXkkETcDSC3GkcFbra7qc1aeGKR6S6F2ke2,76545.24,,170.4,16545.24,,3,60000,60000,0,0,229877,61095,0,0,36540,1693768391,1696969888,919508,919508,0,4,0,4,16374.84,4,0,0,0,0,0,36540
By7UySnEdV1wgady2acLZemc4H3B1eUQTTW5n8wiZjpG,16545.24,,170.4,16545.24,,,,0,0,0,83681,16166,0,0,0,1693768391,1696969888,324125,324125,0,4,0,4,16374.84,4,0,0,0,0,0,3533
F11eNdMU6v4aDaoqJAPHNfqoKJaKzqDbY3sTBSVwKo1d,16545.24,,170.4,16545.24,,,,0,0,0,152619,52502,0,0,0,1693768391,1696969888,610476,610476,0,4,0,4,16374.84,4,0,0,0,0,0,15561
FDw92PNX4FtibvkDm7nd5XJUAg6ChTcVqMaFmG7kQ9JP,304795.24,50000,170.4,66545.24,178250,13,60000,238250,3,3,2676719,687562.160001,0,0,47306,1693768391,1696969888,10706876,10706876,0,4,0,4,16374.84,4,0,0,0,0,0,215560
HpGHMDw78W96R112EEi2G34eDrz9eh8TQqTj7k4mUfLh,16545.24,,170.4,16545.24,,,,0,0,0,58477,23357,0,0,0,1693768391,1696969888,205267,205267,0,4,0,4,16374.84,4,0,0,0,0,0,9547
5cvX5RGXCbX12Rso1UCTFFDdzgN9W7jMTHCDzKAthmuo,12451.53,,170.4,12451.53,,,,0,0,0,33344,54885,0,0,0,1693768391,1695759568,100032,100032,0,3,0,3,12281.13,3,0,0,0,0,0,9547
AxSv4XsSeWisFhSq7C8MA1TV5BErjDi5K4zze6HPJy8F,12451.53,,170.4,12451.53,,,,0,0,0,564895,97729,0,0,0,1693768391,1696969888,1682131,1682131,0,3,0,3,12281.13,3,0,0,0,0,0,12554
DxvWEDKaUAMBwHVF22kCxG2jRWgMLdcWWUVdDjY9EJrH,12451.53,,170.4,12451.53,,,,0,0,0,314038,85803,0,0,0,1693768391,1696969888,910992,910992,0,3,0,3,12281.13,3,0,0,0,0,0,15561
JCzcVnhPyjefCsmfnEX3nTqR3e16qgxN4fyZHDAAHDsb,31201.53,,170.4,12451.53,18750,9,,18750,0,0,318299,62640,0,0,10,1694025761,1696969888,872268,872268,0,3,0,3,12281.13,3,0,0,0,0,0,48540
4DS5QkBvHHnnuoRYop7jaHbnrpvg75w83Jhg3PMvK9KV,8357.82,,170.4,8357.82,,,,0,0,0,35278,17839,0,0,25533,1693768391,1694025761,70556,70556,0,2,0,2,8187.42,2,0,0,0,0,0,0
5nFVtrhHXyaMBFHhXFYfLmNfbgUWuToy2q4LDpRrWU7N,8357.82,,170.4,8357.82,,,,0,0,0,74338,10598,0,0,6540,1694025761,1696969888,148676,148676,0,2,0,2,8187.42,2,0,0,0,0,0,6540
727MvuZATPGnd83H87a2MCubzv2DniHnertC4jxKFeDX,8357.82,,170.4,8357.82,,,,0,0,0,112117,16937,0,0,9547,1693768391,1695759568,224234,224234,0,2,0,2,8187.42,2,0,0,0,0,0,9547
B1cNA6QBuKyvPk2qvU5cfpqEDcTzaWdvuhUKJDn3uzNy,8357.82,,170.4,8357.82,,,,0,0,0,120097,17370,0,0,0,1694025761,1696969888,240194,240194,0,2,0,2,8187.42,2,0,0,0,0,0,0
B6Fc8hnuz3h3q3RHCK6CrB8L547QJWTB3XQAyDhTx6YW,8357.82,,170.4,8357.82,,,,0,0,0,42178,5918,0,0,0,1695759568,1696969888,84356,84356,0,2,0,2,8187.42,2,0,0,0,0,0,0
EjSQWTKV56T5212EkqfipLCrAcZaTyiapCFVJyLDetxL,8357.82,,170.4,8357.82,,,,0,0,0,28178,21121,0,0,0,1693768391,1694025761,31248,31248,0,2,0,2,8187.42,2,0,0,0,0,0,12554
3owSReeJeiYSZSM6GLC64kpiuRTMtKkm1Zh1DnJ25v5Z,4264.11,,170.4,4264.11,,,,0,0,0,63387,5925,0,0,400,1696969888,1696969888,63387,63387,0,1,0,1,4093.71,1,0,0,0,0,0,0
3PKhzE9wuEkGPHHu2sNCvG86xNtDJduAcyBPXpE6cSNt,0,,170.4,4264.11,,,,0,0,0,0,468277.210004,1,0,403490,1693768391,1693768391,2057929,2057929,0,1,0,1,4093.71,1,0,0,0,0,0,45561
3UZr12QqZF9aHH1t6BzmghjYaJ7k8z9Jijp2VzdYX1Vm,4264.11,,170.4,4264.11,,,,0,0,0,355360,37546,0,0,9547,1694025761,1694025761,355360,355360,0,1,0,1,4093.71,1,0,0,0,0,0,9547
6Ff6Wmt1Kh4V7Nrbn1tvPcy8PUhDqhM1tdiYZjeUEkA4,4264.11,,170.4,4264.11,,2,,0,0,0,1040030,55824,0,0,15533,1694025761,1694025761,1040030,1040030,0,1,0,1,4093.71,1,0,0,0,0,0,3533
8ajdd45B5PpSnmqrk5CuUaqrBrLrqp8WrcA1aRbmyhvv,4264.11,,170.4,4264.11,,,,0,0,0,205039,28562,0,0,0,1696969888,1696969888,205039,205039,0,1,0,1,4093.71,1,0,0,0,0,0,12554
9WW4oiMyW6A9oP4R8jvxJLMZ3RUss18qsM4yBBHJPj94,4264.11,,170.4,4264.11,,,,0,0,0,214723,21833.000001,0,0,0,1693768391,1693768391,214723,214723,0,1,0,1,4093.71,1,0,0,0,0,0,3533
BcgYRPQC4mE3e195FmTx4mspmGbDx5xdcdKuLwNG89ov,4264.11,,170.4,4264.11,,,,0,0,0,680388,487604.999955,0,0,0,1693768391,1693768391,673848,673848,0,1,0,1,4093.71,1,0,0,0,0,0,6540
Ev7kp4NfhVjvUqKMwhKCcvXRb2t828gDaSqWsD2gtPzT,0,,0,0,,,,0,0,0,5,77550,1,0,0,1693768391,1694025761,9140,4570,4570,2,0,2,0,1,1,0,0,0,0,0
H5rKvWtEEezASi3swrRJhBWLCJvFKTQHLjYbQUKQutkn,4264.11,,170.4,4264.11,,,,0,0,0,500,0,0,0,0,1693768391,1693768391,500,500,0,1,0,1,4093.71,1,0,0,0,0,0,0
HTBKowBM1CMVS2F1EGBibiyTLoGn2hh7h6DuDPtwS37W,14264.11,,170.4,4264.11,10000,5,,10000,0,0,11230,0,0,0,0,1696969888,1696969888,11230,11230,0,1,0,1,4093.71,1,0,0,0,0,0,0
GeEwbHS5BGdcm3p45tt4NgiW97HYpkk5P9NsJ64kKWxZ,0,,,0,,2,,0,,,,,,,,,,,,,,,0,0,,,,,,,
JCkH1jkqHrbJeXndvAXAswW3PhC3vKzovy58ZdetTEqL,14264.11,,170.4,4264.11,10000,1,,10000,0,0,2691606,55058,0,0,0,1696969888,1696969888,2691606,2691606,0,1,0,1,4093.71,1,0,0,0,0,0,0
Tqv1mTQv8KD4qFPyjobbFnYD7Av2NpNCc96fEYdFAbw,4264.11,,170.4,4264.11,,,,0,0,0,145904,22121.715001000000,0,0,0,1695759568,1695759568,145904,145904,0,1,0,1,4093.71,1,0,0,0,0,0,0
uLfMeRAPVMxs5tprZV9788CrWc7bMY6vuFgjv7aTLAA,4264.11,,170.4,4264.11,,,,0,0,0,78672,17802,0,0,0,1695759568,1695759568,78672,78672,0,1,0,1,4093.71,1,0,0,0,0,0,9547
129H4gSo68Ys8kqfZxsA6j59GKbaL4T64qsD92N2Bcv,0,,,,,,,0,0,0,0,0,,0,0,null,null,0,0,0,0,0,,,0,0,0,0,0,0,0
21VN2b3spuPxXqoHK95fZo3KujtCQfg6rotgYZY4P72F,0,,,,,,,0,0,0,0,1100,,0,0,null,null,0,0,0,0,0,,,0,0,0,0,0,0,0
253MdBV28r86HnUL9K5tMg746Bv9arNXLnWT7rjqxkWW,0,,,,,,,0,0,0,0,2035,,0,0,null,null,0,0,0,0,0,,,0,0,0,0,0,0,0
259kcBSc27oKzqHC2fZUfVBwPEKqzhn6qrj6vbzHHkou,0,,,,,,,0,0,0,31422,7025,,0,5810,null,null,0,0,0,0,0,,,0,0,0,0,0,0,0
26gQiDrDHBj6VmcLMUnUCHe9UDXzJTwt56gemRJuRdUY,0,,,,,,,0,0,0,0,29855,,0,0,null,null,0,0,0,0,0,,,0,0,0,0,0,0,0
29gfXNCjUcepv3dPLhwsZRSHM7WNJ3rGc9GCRY3RQuwA,0,,,,,,,0,0,0,0,33649,,0,0,null,null,0,0,0,0,0,,,0,0,0,0,0,0,0
2BbPeiBkdaMkF5c1qNttKDraXowVVND3Tm9t7gLg5Xbs,0,,,,,,,0,0,0,0,4890,,0,0,null,null,0,0,0,0,0,,,0,0,0,0,0,0,0
2BD785THVpxGZqufB7NUgYC6zELD6dpiuqt19PCki1U6,0,,,,,,,0,0,0,0,0,,0,0,null,null,0,0,0,0,0,,,0,0,0,0,0,0,0
2DRZFjaKVBfq966o1MLe2AnNkyvhwN8r3uGdhnxTktUR,0,,,,,,,0,0,0,87511,7060,,0,11620,null,null,0,0,0,0,0,,,0,0,0,0,0,0,0
2F4BxHi7KNgoX6TQqCu2tqhWEJiJHqPGepZWxY7Nn5JK,0,,,,,,,0,0,0,0,890,,0,0,null,null,0,0,0,0,0,,,0,0,0,0,0,0,0
2f6V9y7ZfRGDb5m6Zpp95eVGQ3F25ajTbar1Um1E48Ui,0,,,,,,,0,0,0,0,1000,,0,0,null,null,0,0,0,0,0,,,0,0,0,0,0,0,0
2gb16gTyzzPtJ2EKi7AZSd9Dsxc191ieFKbJ313BeDvs,0,,,,,,,0,0,0,0,8175,,0,0,null,null,0,0,0,0,0,,,0,0,0,0,0,0,0
2iwXAgFi7z1VVzudXT8r3qHVH9xaJKXr2Pi5kThMpdgm,0,,,,,,,0,0,0,0,41292.500002,,0,0,null,null,0,0,0,0,0,,,0,0,0,0,0,0,0
2Jm2SUuc7G1XqxXx9wCJ9yWsnmw2H3o6eVPmi3sBBPaL,0,,,,,,,0,0,0,0,19409,,0,0,null,null,0,0,0,0,0,,,0,0,0,0,0,0,0
2mQcLgaGdZvV1K7Yk3yCz5vVJkHzT5TQtbugAhfZHKvo,0,,,,,,,0,0,0,29079,12385,,0,0,null,null,0,0,0,0,0,,,0,0,0,0,0,0,0
2mqe8ScMrHTn2D3me7fBtAAwc7wGG5A3vpaJfqMgMs2z,0,,,,,,,0,0,0,0,15246,,0,2068,null,null,0,0,0,0,0,,,0,0,0,0,0,0,0
2n3H2nqLTW4SXxsNgnXt945HjsQqxw1ow52V2t1PxCHJ,,,,,,,,0,0,0,0,4405,,0,0,null,null,0,0,0,0,0,,,0,0,0,0,0,0,0
2oUd6hLeDrManDTF7VsMiu2d6vxW1w5kdEKpYTScw4YM,,,,,,,,0,0,0,0,7125,,0,2,null,null,0,0,0,0,0,,,0,0,0,0,0,0,0
2prS3HfJLhqSzudJ5WmkvoCqHpLqvz4iGRpBVVxBSVh9,,,,,,,,0,0,0,0,7125,,0,0,null,null,0,0,0,0,0,,,0,0,0,0,0,0,0
2QE9cetztT82uEtMqsdczyra42KhqgkM4gnL265ohtrL,,,,,,,,0,0,0,0,0,,0,0,null,null,0,0,0,0,0,,,0,0,0,0,0,0,0
2QV34PBFCeBfNFNVWQGFc181aLHxA7Gyf5MGZWvQW1Yo,,,,,,,,0,0,0,5650,1060,,0,0,null,null,0,0,0,0,0,,,0,0,0,0,0,0,0
2RR8BSkEUH9aJuqFJsmRQ7wfBk798oujYSucfhaDtSvx,,,,,,,,0,0,0,0,2155,,0,0,null,null,0,0,0,0,0,,,0,0,0,0,0,0,0
2su7qMHkRNsTEjHdzkHA5hzvA8UohHNoV6JhLsUXms7a,,,,,,,,0,0,0,0,465,,0,0,null,null,0,0,0,0,0,,,0,0,0,0,0,0,0
2sVE4nQXwqxgJ33Pbz8D7QLShYjKpAT2bbJbMgA7EeaC,,,,,,,,0,0,0,314,52054.000001,,0,0,null,null,0,0,0,0,0,,,0,0,0,0,0,0,0
2ti22hYpWr5kfGzs56vUUhXn1iKVxAqj7WqHub9FJ92V,,,,,,,,0,0,0,27019,1875,,0,1875,null,null,0,0,0,0,0,,,0,0,0,0,0,0,0
2tmFEAkqUseP7sxUs2CuVxzwjKfjNPHicJHbntiTz3WB,,,,,,,,0,0,0,22044,4720,,0,1875,null,null,0,0,0,0,0,,,0,0,0,0,0,0,0
2tPGUj2utntUpwVCU5Bv1TZGHWpSZJiPvdheFzRDxCkt,,,,,,,,,0,0,0,1170,,0,0,null,null,0,0,0,0,0,,,0,0,0,0,0,0,0
2TVDDQzDhcRQrLL8xxK5HmVeGXj3tnZrAE49FnqjRnpJ,,,,,,,,,0,0,0,27322.5,,0,39803,null,null,0,0,0,0,0,,,0,0,0,0,0,0,0
2uNCuNwP1dnkWBbPLDsEATRvJaoEbXMaRRbA6Di37syG,,,,,,,,,0,0,0,31223.1875,,0,0,null,null,0,0,0,0,0,,,0,0,0,0,0,0,0
2Wizu6M1XhJvGhw4kpZL8QLQqu295rNFAKEss1DcPofa,,,,,,,,,0,0,1958,610,,0,0,null,null,0,0,0,0,0,,,0,0,0,0,0,0,0
2X9UKSS1pEdE5Br7zv6wGRLi4f2Tw1jKF6ND7Cn2wJ8z,,,,,,,,,0,0,0,2100,,0,0,null,null,0,0,0,0,0,,,0,0,0,0,0,0,0
2xcf5XSh3brDD2nvbDM1BSE8upZcwRfnZa8hoQkAQTKJ,,,,,,,,,0,0,0,1535,,0,0,null,null,0,0,0,0,0,,,0,0,0,0,0,0,0
2xRMvUtr88hLcLkFD1vfSADkQW92S3JxFF2vuV5pVGLr,,,,,,,,,0,0,0,1280,,0,1359,null,null,0,0,0,0,0,,,0,0,0,0,0,0,0
2yCQZVCn9tvKMPWie6Cw6xzMfW7rHLAEYis9FNRpjhKp,,,,,,,,,0,0,0,0,,0,0,null,null,0,0,0,0,0,,,0,0,0,0,0,0,0
2Yorr88QZQ8Es49gnRT6zrcEoVRjNJkK9XwFCNP28x99,,,,,,,,,0,0,0,53294,,0,0,null,null,0,0,0,0,0,,,0,0,0,0,0,0,0
2YxHRtQJ914rQkxqyFYC1VxfpJWMZHLqc7SAMPVjipRv,,,,,,,,,0,0,0,1100,,0,0,null,null,0,0,0,0,0,,,0,0,0,0,0,0,0
31oUjo2Z9HafY2nzfBUpavXazEgmAvBH8HMS7vgb8Kbd,,,,,,,,,0,0,0,17770,,0,126416,null,null,0,0,0,0,0,,,0,0,0,0,0,0,0
34Wmv58UF8HUmjdcWdCZVU9o7h8N5h2fTozqRwh9mucM,,,,,,,,,0,0,71503,4455,,0,31210,null,null,0,0,0,0,0,,,0,0,0,0,0,0,0
35v6gwHJHYXJeBSuZmda6jNP4p1SULa9EXmBTqtAtZUc,,,,,,,,,0,0,0,25322.500003,,0,0,null,null,0,0,0,0,0,,,0,0,0,0,0,0,0
35WFoVsY84yDu2htaTC2WFBW7yMfsLTjKLgPDZGPmpjW,,,,,,,,,0,0,6530,1320,,0,215,null,null,0,0,0,0,0,,,0,0,0,0,0,0,0
36b1juUgcv7gpAJBzJSpanTaKc3hLymVvq1thk952KC7,,,,,,,,,0,0,1711,115,,0,0,null,null,0,0,0,0,0,,,0,0,0,0,0,0,0
376x43EFbL1ctBg44tyRDgSkJoP6d4SebryTYQsrycAf,,,,,,,,,0,0,0,2197.6000000000000,,0,246,null,null,0,0,0,0,0,,,0,0,0,0,0,0,0
39uzgTY1HVGwHVb8hdYEkCwedu8BFxPXg1MQJa58rxcF,,,,,,,,,0,0,33936,1875,,0,21215,null,null,0,0,0,0,0,,,0,0,0,0,0,0,0
3bkjQQwCb9E8gHrdeaF4HuAPoqqEaoEY1E2AoCHKBygq,,,,,,,,,0,0,24951,10330,,0,26,null,null,0,0,0,0,0,,,0,0,0,0,0,0,0
3BKp6sca3V4uQfyGdPxs11mEQTEshG92qhGvoDsRjssZ,,,,,,,,,0,0,0,0,,0,0,null,null,0,0,0,0,0,,,0,0,0,0,0,0,0
3bMUvdjeaqmvtM1NvzAxV9h4yxNDSJj55kYdVHXcDtZi,,,,,,,,,0,0,0,6260,,0,0,null,null,0,0,0,0,0,,,0,0,0,0,0,0,0
3CmdAVwb6z8f7vNyxPPzCeUvAekvz3w2gVygm9tFkQwo,,,,,,,,,0,0,0,5925,,0,0,null,null,0,0,0,0,0,,,0,0,0,0,0,0,0
3CPrbJewAwqDsU3Pirm8MowDiZKVzRof95G1ZbimaX5t,,,,,,,,,0,0,0,110,,0,0,null,null,0,0,0,0,0,,,0,0,0,0,0,0,0
3cx9UxeRyUH4r7mweHFfgHELEUS2GBiFAXyy5auWrRDZ,,,,,,,,,0,0,23806,11330,,0,15845,null,null,0,0,0,0,0,,,0,0,0,0,0,0,0
3dJwAcXi8DiqhLqsWr2DJYRwQZbFjR7APvXM5pEcy6fj,,,,,,,,,0,0,31649,10330,,0,2900,null,null,0,0,0,0,0,,,0,0,0,0,0,0,0
3Efr7xvv6fbmYHt2kfiTPMrwQNmW364yVKVWid6qJX1Y,,,,,,,,,0,0,0,39710,,0,1,null,null,0,0,0,0,0,,,0,0,0,0,0,0,0
3enuFSFXJDjJKpMrTx6u89oJGxmRRKeSowSCCk7iZRbH,,,,,,,,,0,0,55,0,,0,0,null,null,0,0,0,0,0,,,0,0,0,0,0,0,0
3eRpxbaTWx8vS2qKhC4h2aYQXPBzxcG6cFf8xrNdck64,,,,,,,,,0,0,0,0,,0,0,null,null,0,0,0,0,0,,,0,0,0,0,0,0,0
3H6mb7Sm2CQ1Jfh3fA8gMsYSv4g7pVg1LGg6wqsMYWqp,,,,,,,,,0,0,62,0,,0,2900,null,null,0,0,0,0,0,,,0,0,0,0,0,0,0
3hsRgJN7Aiczm6KCwXhxbCyALpawJQdaxUgJx6DYu74Y,,,,,,,,,0,0,0,1850,,0,0,null,null,0,0,0,0,0,,,0,0,0,0,0,0,0
3ieBTupckUZa2TCWbXX5rFkeVmsDPcoQMazTQP6kLisg,,,,,,,,,0,0,101468,8178,,0,8178,null,null,0,0,0,0,0,,,0,0,0,0,0,0,0
3JkznmhmZ3fU6nnpuX8JHnUKdy4BmhKMUhBoprJN43Px,,,,,,,,,0,0,41,0,,0,0,null,null,0,0,0,0,0,,,0,0,0,0,0,0,0
3K5o38rp2xswi4wuHSmmdqQbFd4btDyMzoSBfX4DDuw7,,,,,,,,,0,0,0,29784.1875,,0,11475,null,null,0,0,0,0,0,,,0,0,0,0,0,0,0
3KPsUE8TF8Pb8UqHgmACYLHDrkBisR8JvgLmjHsct7s4,,,,,,,,,0,0,0,24603,,0,0,null,null,0,0,0,0,0,,,0,0,0,0,0,0,0
3MFxDHLMkv863rxcupKQ4srPZnT5yDwFAaTENhJBxaKM,,,,,,,,,0,0,0,11325,,0,0,null,null,0,0,0,0,0,,,0,0,0,0,0,0,0
3MsmkPefAd1zbtJtsrrR61pFLmXYGxr3d2BK8wt6QYzK,,,,,,,,,0,0,0,55,,0,0,null,null,0,0,0,0,0,,,0,0,0,0,0,0,0
3nH5zTa2d16Z2TQmkohQvyvPJizQuuMHKaaaNDxiwXnM,,,,,,,,,0,0,0,1885,,0,7419,null,null,0,0,0,0,0,,,0,0,0,0,0,0,0
3nryBDu2hqmpyAjssubxVda3Si1QAfA9yEAFAdV4TQop,,,,,,,,,0,0,46,0,,0,0,null,null,0,0,0,0,0,,,0,0,0,0,0,0,0
3pcxfQKjaAcHCYzTngRMgQi5G81cKc7yR2rFYL4dgqQP,,,,,,,,,0,0,0,4050,,0,0,null,null,0,0,0,0,0,,,0,0,0,0,0,0,0
3PPjZVCpJw4YA7Z918aux6uNwbMuK9EXtjv9nwwSR1bF,,,,,,,,,0,0,117,0,,0,0,null,null,0,0,0,0,0,,,0,0,0,0,0,0,0
3Q1GEKDqv33Y8fHwc8WE6AjYwujoosrjLM1tpHLwLsjD,,,,,,,,,0,0,0,2005,,0,29797,null,null,0,0,0,0,0,,,0,0,0,0,0,0,0
3rTbQb6nMwRzrJEdLEEdUK92VpCidsSrowAAZn6pePei,,,,,,,,,0,0,0,55,,0,0,null,null,0,0,0,0,0,,,0,0,0,0,0,0,0
3s4rRVTgANQmssEHR1h2WDsmVVWsx92EgUNzZ9ZHz5zs,,,,,,,,,0,0,172030,49063,,0,0,null,null,0,0,0,0,0,,,0,0,0,0,0,0,3533
3s6VUe21HFVEC6j12bPXLcrBHMkTZ66847853pXWXspr,,,,,,,,,0,0,17205,2570,,0,4365,null,null,0,0,0,0,0,,,0,0,0,0,0,0,0
3sB4AiJ2cX3Kaznj34cdTSSMyhyfcD38YNiQnxP5YiNt,,,,,,,,,0,0,0,115,,0,115,null,null,0,0,0,0,0,,,0,0,0,0,0,0,0
3U1kmVZknXX1Y6x6Yk4Mii3a5EL6iUbbw5x32M1z3P5q,,,,,,,,,0,0,8807,45,,0,5810,null,null,0,0,0,0,0,,,0,0,0,0,0,0,0
3UeCX2xEDz9E8gYWvCq1k1sGv4DWJygU6qBLXt1EXbxj,,,,,,,,,0,0,10,0,,0,0,null,null,0,0,0,0,0,,,0,0,0,0,0,0,0
3UFmscW19Jmds66SbYr39CpYrfcGjoFnbGHPmZXk8Z1w,,,,,,,,,0,0,17512,680,,0,0,null,null,0,0,0,0,0,,,0,0,0,0,0,0,0
3VeqFy27atzbwhXWu9aa5hc3e5N1yC6sCgRQrivRGjEa,,,,,,,,,0,0,0,10360,,0,0,null,null,0,0,0,0,0,,,0,0,0,0,0,0,0
3vuCFLbVWsNeWgyxkb2xiLQuxKDW83HWiTMmodT8gmtk,,,,,,,,,0,0,7733,465,,0,465,null,null,0,0,0,0,0,,,0,0,0,0,0,0,0
3VzmuftUuPouumLoqdQHZqjNxamrQn2fdGRA4HAb1MBJ,,,,,,,,,0,0,0,0,,0,11051,null,null,0,0,0,0,0,,,0,0,0,0,0,0,0
3WWaoAnxma1NVfovPTDZMAUGB1oHpZyPQENJYwQdWX5T,,,,,,,,,0,0,0,835,,0,0,null,null,0,0,0,0,0,,,0,0,0,0,0,0,0
3ZJHTMc1QvSDawG9ZWHEVWPn7dzw3s3cUbUqFX6KH6Z2,,,,,,,,,0,0,0,0,,0,1,null,null,0,0,0,0,0,,,0,0,0,0,0,0,0
44rSzUMYCpBoTk9jwpPPJqd5KjWepJcdficsUHNgLxgF,,,,,,,,,0,0,62874,44838.000001,,0,0,null,null,0,0,0,0,0,,,0,0,0,0,0,0,0
46uY7ukjXNMKAKx2bQYSFF2CFNYo8KWpLkebL5F6NtrN,,,,,,,,,0,0,318,4405,,0,0,null,null,0,0,0,0,0,,,0,0,0,0,0,0,0
48V9nmW9awiR9BmihdGhUL3ZpYJ8MCgGeUoSWbtqjicv,,,,,,,,,0,0,2451,95,,0,2987,null,null,0,0,0,0,0,,,0,0,0,0,0,0,0
48vHv57HUz9kMuCfAugobB5reQfFaWKMAzngYmmWeTgE,,,,,,,,,0,0,0,14380,,0,101154,null,null,0,0,0,0,0,,,0,0,0,0,0,0,0
4AeGMYZvZJmzoDTgcQe9aSzsFkh3ZzuNazBeUvjHccaH,,,,,,,,,0,0,5100,2370,,0,2370,null,null,0,0,0,0,0,,,0,0,0,0,0,0,0
4AigoHLLzSMuzueRicxeQhK5NqaG1TT9EvpCeAvqn6oY,,,,,,,,,0,0,0,535,,0,0,null,null,0,0,0,0,0,,,0,0,0,0,0,0,0
4aJh2CCtbUr64Xh45UL8FXXUdJG5btiCDMZb18Vr2RT9,,,,,,,,,0,0,0,791,,0,0,null,null,0,0,0,0,0,,,0,0,0,0,0,0,0
4asFzYiSygQZH4xQLnyWxV9LRYG3Bsjtda5RyVQuqiWH,,,,,,,,,0,0,328,0,,0,0,null,null,0,0,0,0,0,,,0,0,0,0,0,0,0
4befwKLou9y2hMtXwbA2p2fFpqc4jsj4RKp5zUE9XJFv,,,,,,,,,0,0,0,1050,,0,0,null,null,0,0,0,0,0,,,0,0,0,0,0,0,0
4bpvgHo1oPZcjRCkgUuVMRZpHshwHZZh8ZL5SY5RcXap,,,,,,,,,0,0,10737,3685,,0,0,null,null,0,0,0,0,0,,,0,0,0,0,0,0,0
4bqXEYv8A828At5A8BmnYs6XFJnXEtwZ5tV1ePugwroZ,,,,,,,,,0,0,34206,5270,,0,0,null,null,0,0,0,0,0,,,0,0,0,0,0,0,0
4c7UFvZJa1BBV5mnAzv7bYRBgewQBqXTaMkxPFjgvAd7,,,,,,,,,0,0,0,7030,,0,34696,null,null,0,0,0,0,0,,,0,0,0,0,0,0,0
4cJBgggPwmwDLXJBV6gK3wntLKNGGWyPaqH418bCLEYB,,,,,,,,,0,0,23695,8534,,0,11434,null,null,0,0,0,0,0,,,0,0,0,0,0,0,0
4cr3zvect1gLLG4sFDCYJr5abBHcaoNsQi7WBVZZLbSc,,,,,,,,,0,0,30730,10330,,0,0,null,null,0,0,0,0,0,,,0,0,0,0,0,0,0
4DAgtAumECrfAb3ccrBwib3A1u3BQgwTucnmDVK1bPPd,,,,,,,,,0,0,1722,470,,0,245,null,null,0,0,0,0,0,,,0,0,0,0,0,0,0
4DGGdhtbD5G6FN33kiPE4ddr28z7jJmHT8AUBUUM86AQ,,,,,,,,,0,0,0,225,,0,1788,null,null,0,0,0,0,0,,,0,0,0,0,0,0,0
4Dq7RaW9m5sGawBPUE3ewNYybW6Xt7X3mK537PgqTHv6,,,,,,,,,0,0,1548,95,,0,2995,null,null,0,0,0,0,0,,,0,0,0,0,0,0,0
4gLF7f11RQXfTZeK2gVN2DNDwR77ydkFFZoX2Gb1jgbf,,,,,,,,,0,0,0,4405,,0,0,null,null,0,0,0,0,0,,,0,0,0,0,0,0,0
4gSqbzp8fYhcB9T5CodV6BdN82kYLHz8chh4oRH3VzQE,,,,,,,,,0,0,0,400,,0,0,null,null,0,0,0,0,0,,,0,0,0,0,0,0,0
4KyEUeNAdXdkJhnpkdx9VhcvrjYiLmAekmwu2sv5ZzKy,,,,,,,,,0,0,0,0,,0,0,null,null,0,0,0,0,0,,,0,0,0,0,0,0,0
4NH36qXE39t8ovfdfrT9pdpJYouJ5tYah9qajuHQQqoB,,,,,,,,,0,0,0,2090,,0,0,null,null,0,0,0,0,0,,,0,0,0,0,0,0,0
4nPPUQ8vuefz8MpkAghGojiUAKWxkvK7NGF9jZuTJCcP,,,,,,,,,0,0,0,0,,0,0,null,null,0,0,0,0,0,,,0,0,0,0,0,0,0
4NruycWTZFvbaF9wjF9uRVb2wP5gqTZtUpiDZ2GyQDZv,,,,,,,,,0,0,1,0,,0,0,null,null,0,0,0,0,0,,,0,0,0,0,0,0,0
4oKNmVbaK1eW4AbMYwxT3HtzcF9ygczVGicU2j3VzW6S,,,,,,,,,0,0,0,0,,0,0,null,null,0,0,0,0,0,,,0,0,0,0,0,0,0
4SwCmGSQWMZRdtZec2QVGxup48AFDotAhymEux5Ks2gi,,,,,,,,,0,0,0,0,,0,0,null,null,0,0,0,0,0,,,0,0,0,0,0,0,0
4TidbLDsddNzJ1bNjKKP5RBujBAwQkb5Ap7j62RMG4it,,,,,,,,,0,0,0,325,,0,0,null,null,0,0,0,0,0,,,0,0,0,0,0,0,0
4ULth11nsRntrLb3TjaUHPAr2NWF2jDPWjYEkCkGFcF2,,,,,,,,,0,0,0,55,,0,0,null,null,0,0,0,0,0,,,0,0,0,0,0,0,0
4VzkhKd7RjubNNNbRr9dbaa9esCVaf4deT6Fb18ApgQy,,,,,,,,,0,0,0,2570,,0,1000,null,null,0,0,0,0,0,,,0,0,0,0,0,0,0
4WskRaYq3BEQaT3vGaWxpDAyM8NqzMbuqXXLiFsSpwF5,,,,,,,,,0,0,0,4385,,0,0,null,null,0,0,0,0,0,,,0,0,0,0,0,0,0
4YBr9cyePhQJtZMMMWGUMsqe6RDYcTjeYAX1e2K1rkYp,,,,,,,,,0,0,1645,145,,0,8865,null,null,0,0,0,0,0,,,0,0,0,0,0,0,0
4ZjYSCH3Sib9iMSM3QN2sL2kwxNcXG2P4XCemSC2hsyb,,,,,,,,,0,0,0,0,,0,0,null,null,0,0,0,0,0,,,0,0,0,0,0,0,0
524cV9ySWVvLvEU8mJjzWAJBECsRMtmKaeKq31bsueXi,,,,,,,,,0,0,0,225,,0,1336,null,null,0,0,0,0,0,,,0,0,0,0,0,0,0
52BqCVDfQZ1sxTqymRcuasoKLzAEqYtSNjbb2uVy53fj,,,,,,,,,0,0,0,55,,0,0,null,null,0,0,0,0,0,,,0,0,0,0,0,0,0
548ivRdcAFZTmKnPzrfABUHzpLsF6SLakJ3s7B7AwzXa,,,,,,,,,0,0,0,735,,0,0,null,null,0,0,0,0,0,,,0,0,0,0,0,0,0
55RPYGrfzaBctai7nSw2QgoJL3bMzKvihtiDpVcJLFWe,,,,,,,,,0,0,0,470,,0,0,null,null,0,0,0,0,0,,,0,0,0,0,0,0,0
55WF5w8jYfogWo6zCjZspBXwt42stEnvxuHphQYydc1r,,,,,,,,,0,0,11682,3819,,0,0,null,null,0,0,0,0,0,,,0,0,0,0,0,0,0
56CRgykvwrWcCyKY1L5UCc3NgCKz57ZE7AMJcP5tccCu,,,,,,,,,0,0,0,0,,0,1,null,null,0,0,0,0,0,,,0,0,0,0,0,0,0
588y5KUy6oaqSgD9ALR6D8UVzK6DwyTiTQiht8TiLN1L,,,,,,,,,0,0,0,0,,0,255,null,null,0,0,0,0,0,,,0,0,0,0,0,0,0
58qtR3YYzMMwhJCj3hoJZeNTMjhT3ymN4AA65LBWgv7V,,,,,,,,,0,0,0,225,,0,333,null,null,0,0,0,0,0,,,0,0,0,0,0,0,0
5ANdHqaZsiy82bhgfQ771H74b6SFyRaj6Cfw2vjCDbrN,,,,,,,,,0,0,1691,520,,0,0,null,null,0,0,0,0,0,,,0,0,0,0,0,0,0
5BCfXnkNKn3mW3gtBptBBR9wcNoBrJ3EcDifA2ayxif1,,,,,,,,,0,0,0,57458.578703,,0,0,null,null,0,0,0,0,0,,,0,0,0,0,0,0,0
5bkmmuJDZBVNdPeEUFwiDzznBhoMjE4M3CVhEo4VBpA3,,,,,,,,,0,0,0,20305,,0,0,null,null,0,0,0,0,0,,,0,0,0,0,0,0,0
5BzDWc6MVWx2QxS3tSFLspdEHJLUYjogBByBUrZzcwU6,,,,,,,,,0,0,0,4405,,0,31401,null,null,0,0,0,0,0,,,0,0,0,0,0,0,0
5cpg72CPjpLWy5rwEhhr8KgyPHLUts82WZ1iLoCd4xBg,,,,,,,,,0,0,0,110,,0,0,null,null,0,0,0,0,0,,,0,0,0,0,0,0,0
5cShNqx2E54RJK49myPhE757RJAEgnGKcbRqPVW4nwjC,,,,,,,,,0,0,22138,6980,,0,0,null,null,0,0,0,0,0,,,0,0,0,0,0,0,0
5d2iwr5JmhAPUeXGxUVKbfxJyqFAR4BDHJPx4ixhcYZ6,,,,,,,,,0,0,4822,1520,,0,3195,null,null,0,0,0,0,0,,,0,0,0,0,0,0,0
5EWZJyrBXCmxdr8S6d5k9xTdTcUoVidoiU1UUF9CdB7g,,,,,,,,,0,0,499,122580.312501,,0,2609,null,null,0,0,0,0,0,,,0,0,0,0,0,0,0
5g9ckdBoQLxCSfiCCU32ZrtNLW2w9cyu7iNSogUC5Nzp,,,,,,,,,0,0,0,8440,,0,0,null,null,0,0,0,0,0,,,0,0,0,0,0,0,0
5gC4hXVJXZiKUNqzjt7nbra2G6AT6XseupQfTHHBF9Tu,,,,,,,,,0,0,0,1320,,0,1,null,null,0,0,0,0,0,,,0,0,0,0,0,0,0
5J85nBHFKqLBFhtDzZWDL5kVes2sp8mVZSUhVmaXiEmS,,,,,,,,,0,0,0,12545,,0,0,null,null,0,0,0,0,0,,,0,0,0,0,0,0,0
5JCoYYZanEPaCFZwvC33DW9txmzbk1jbaDRTSRCED7uM,,,,,,,,,0,0,0,225,,0,0,null,null,0,0,0,0,0,,,0,0,0,0,0,0,0
5jZamLP1eGigWQ7WDAKJuPAADkW63Ga8mQxs4h1sh9pJ,,,,,,,,,0,0,1,8365,,0,0,null,null,0,0,0,0,0,,,0,0,0,0,0,0,0
5khS7roagypx9MEo8Z8HEkquAiPD2kZR3VrpSme5uXzD,,,,,,,,,0,0,28875,11330,,0,4775,null,null,0,0,0,0,0,,,0,0,0,0,0,0,0
5kKNvp9KSAC7fdGS9GawaV4XVEtMgrSnt3M32X7pYz7A,,,,,,,,,0,0,1729,465,,0,3310,null,null,0,0,0,0,0,,,0,0,0,0,0,0,0
5kLAJS1P2c4pSHPhU91aAMLsfhBbjbYHTCfxhmKB3Rtd,,,,,,,,,0,0,6211,1960.4,,0,15568,null,null,0,0,0,0,0,,,0,0,0,0,0,0,0
5mWVgHWCnZg6dAd2tWrCTuj5gn2xBjSpHymJoLr7Rr5R,,,,,,,,,0,0,0,2250,,0,0,null,null,0,0,0,0,0,,,0,0,0,0,0,0,0
5oG9HeVXu92fmKDuxSC4YvsQdjJv3Wq1yy2HLRrLjpr7,,,,,,,,,0,0,2895,520,,0,5955,null,null,0,0,0,0,0,,,0,0,0,0,0,0,0
5pJ89aofV4nP5eaJfpvvChkuce7NEUQVf31ckLCXTymg,,,,,,,,,0,0,0,11330,,0,79792,null,null,0,0,0,0,0,,,0,0,0,0,0,0,0
5R27jTVrpv4USzkRzANStYZUaVYUaiuPMJoPZPo1SiMC,,,,,,,,,0,0,1245,518,,0,43,null,null,0,0,0,0,0,,,0,0,0,0,0,0,0
5rbBvCD4snFicADHJkYMkos4izZLKu2B8HkqHRhA4dMn,,,,,,,,,0,0,0,23830.000001,,0,0,null,null,0,0,0,0,0,,,0,0,0,0,0,0,0
5rYgzY4ViRPBJFyhaXPMznTLvvBH2LPQYsT9BkgtMJ9X,,,,,,,,,0,0,1498,6710,,0,0,null,null,0,0,0,0,0,,,0,0,0,0,0,0,6540
5RykoH1ZLoeAcbJx99dmC4gtqz7GxjJCXzfoAfxsDy7u,,,,,,,,,0,0,0,9355,,0,0,null,null,0,0,0,0,0,,,0,0,0,0,0,0,0
5S4a3vYeZRKaGSdeLHS1tmuDdVyvw24Akq9qpKo6UVWQ,,,,,,,,,0,0,36279,6405,,0,0,null,null,0,0,0,0,0,,,0,0,0,0,0,0,0
5s4KyZSCExZVRPg579FBTLARtpxteJf9k5UoQpsaPvoz,,,,,,,,,0,0,0,0,,0,231,null,null,0,0,0,0,0,,,0,0,0,0,0,0,0
5Snfw22HseLRYi5TTgSMebb38u5RLK2vcSA9v4KywJVo,,,,,,,,,0,0,51917,0,,0,0,null,null,0,0,0,0,0,,,0,0,0,0,0,0,0
5Tb4pJpx16pn2pf5XoJkNdmLxneUpEhKpRU1EHZbTxkJ,,,,,,,,,0,0,1363,30408,,0,0,null,null,0,0,0,0,0,,,0,0,0,0,0,0,0
5tVfhJ89YAJsSaiUFBGxvjDQH4UeJB71kqtGpc4kJgio,,,,,,,,,0,0,0,15435,,0,0,null,null,0,0,0,0,0,,,0,0,0,0,0,0,0
5u6smEjMFFNdmb7oBauLA3j4ZcEnC5tzc2mrh6Dh5wLj,,,,,,,,,0,0,1830,10134.62799,,0,1270,null,null,0,0,0,0,0,,,0,0,0,0,0,0,0
5V1VzNTvkxZsiJafg38d9UVAhaTpcywCi2dUXTtt91Xm,,,,,,,,,0,0,0,170,,0,1373,null,null,0,0,0,0,0,,,0,0,0,0,0,0,0
5v3srropNPW8gaSR7jH2G6D7BATn3xvCsFXxca7FdWSM,,,,,,,,,0,0,0,1518,,0,0,null,null,0,0,0,0,0,,,0,0,0,0,0,0,0
5xagYvsPyGB8Fda5omUirEaun4p9H9ZTz8qhWAhiQYkQ,,,,,,,,,0,0,0,52450,,0,0,null,null,0,0,0,0,0,,,0,0,0,0,0,0,0
5xZsowohCtUqCPNwiuPbLYjMGsUqPmMQESwLxXJnryHW,,,,,,,,,0,0,0,110,,0,0,null,null,0,0,0,0,0,,,0,0,0,0,0,0,0
5Y2emuCV3yAyBD1ZCvBuG4AzEg6fFYCGvizG8W5ReoEh,,,,,,,,,0,0,0,225,,0,0,null,null,0,0,0,0,0,,,0,0,0,0,0,0,0
5Zf8CSgQ131jwa4qQsM8movVARftF8XDGjL3LeWxdPr8,,,,,,,,,0,0,0,4167,,0,0,null,null,0,0,0,0,0,,,0,0,0,0,0,0,0
5ZSvK4jAkW2dNuG2cowPPQjdruZWtqW7pCXgMHR4VeB7,,,,,,,,,0,0,0,76217.500001,,0,0,null,null,0,0,0,0,0,,,0,0,0,0,0,0,0
614CZK9HV9zPcKiCFnhaCL9yX5KjAVNPEK9GJbBtxUZ8,,,,,,,,,0,0,600,0,,0,568,null,null,0,0,0,0,0,,,0,0,0,0,0,0,0
61w6KSfvBpEdYgyiqRVoNU9e5kDcXMzaLUr5HASeJjhp,,,,,,,,,0,0,0,865,,0,33926,null,null,0,0,0,0,0,,,0,0,0,0,0,0,0
61ZsQ6ruqSCiyhMPCYPLoPekxekQfrb7VqWDTnUnVPfS,,,,,,,,,0,0,0,0,,0,0,null,null,0,0,0,0,0,,,0,0,0,0,0,0,0
62XPk2UveykynZosxK8CgTJLe3c7WCS7nPxFY89XkiC3,,,,,,,,,0,0,0,0,,0,0,null,null,0,0,0,0,0,,,0,0,0,0,0,0,0
63Gzrw97Rg3pp4Y4vVUDBiYUvDFW5PQ5PhynBzBRGSJ3,,,,,,,,,0,0,46976,2904,,0,2609,null,null,0,0,0,0,0,,,0,0,0,0,0,0,0
63teVPvKS7F2PXBiaq5YW43ktGNP4RmuEgYnpPLgesZH,,,,,,,,,0,0,0,2270,,0,2297,null,null,0,0,0,0,0,,,0,0,0,0,0,0,0
648eTPXYLaJhRemQw14X8pTfKSWZAMnmfUVd6uLBpguX,,,,,,,,,0,0,10,0,,0,0,null,null,0,0,0,0,0,,,0,0,0,0,0,0,0
64GD4p9uLC9MEziLGQgAARgMMdBj4w9Q1bef63eYEbhT,,,,,,,,,0,0,0,1365,,0,0,null,null,0,0,0,0,0,,,0,0,0,0,0,0,0
66BjNoAEArMC7WwiTvvBQTaXfTgnq8F6fPnNrVSGdxN2,,,,,,,,,0,0,0,0,,0,0,null,null,0,0,0,0,0,,,0,0,0,0,0,0,0
66pEvUxvYYMDHAmhPo6UpwRf5TnW8PnrVcMtVadB7rbj,,,,,,,,,0,0,107500,52350,,0,0,null,null,0,0,0,0,0,,,0,0,0,0,0,0,0
66QM3g4F41zaZztQjnoNF3PmoEnv7mNsGowHi2MpQHqS,,,,,,,,,0,0,0,15283,,0,0,null,null,0,0,0,0,0,,,0,0,0,0,0,0,0
66yTJKe6ywnijzS1hMmRzZhtvgHPPCBtWJkar8tHS2yR,,,,,,,,,0,0,0,4405,,0,0,null,null,0,0,0,0,0,,,0,0,0,0,0,0,0
68kSjSHoKy5sJ3yBKQStKk5vFtLYWaZN6qKEBjuj94Tv,,,,,,,,,0,0,760,0,,0,10239,null,null,0,0,0,0,0,,,0,0,0,0,0,0,0
6aJo6zRiC5CFnuE7cqw4sTtHHknrr69NE7LKxPAfFY9U,,,,,,,,,0,0,158066,10785,,0,0,null,null,0,0,0,0,0,,,0,0,0,0,0,0,0
6bcnuPbVDknksYUV5u8VUkjwk6JdWguZ7EbkCWb34ktG,,,,,,,,,0,0,0,0,,0,0,null,null,0,0,0,0,0,,,0,0,0,0,0,0,0
6DADojjAUEPWnPWAKbdwnNLRCEWfqzdcSCUiZCSjyC8D,,,,,,,,,0,0,0,55,,0,0,null,null,0,0,0,0,0,,,0,0,0,0,0,0,0
6ESNX8wz9VyZepseACzDEYxXMKfYn5Z3bCdDhtNSNhmk,,,,,,,,,0,0,0,8405,,0,0,null,null,0,0,0,0,0,,,0,0,0,0,0,0,0
6FgmjH6wjvdWEHbYBL9YXhKwKXzqrGyAtaHRidbGw132,,,,,,,,,0,0,5,0,,0,4,null,null,0,0,0,0,0,,,0,0,0,0,0,0,0
6ftaM1Zfx1gDM2qj73KvNgHs1UaKhox2XjbuYM2a4Cbw,,,,,,,,,0,0,0,2055,,0,0,null,null,0,0,0,0,0,,,0,0,0,0,0,0,0
6Gi9hqHhccbkPpLtZVdgAbMcnZmHEALrhw29CBxGW6QD,,,,,,,,,0,0,0,2250,,0,0,null,null,0,0,0,0,0,,,0,0,0,0,0,0,0
6jKm7ZhikmmhT8i3q1wrhM5FRQoktAKbLhn6XFCyj5ro,,,,,,,,,0,0,0,4605,,0,0,null,null,0,0,0,0,0,,,0,0,0,0,0,0,0
6KhisW1zBdcax1na44XZcSd4jgr48iRbBEieNVR1JtA9,,,,,,,,,0,0,0,115,,0,1263,null,null,0,0,0,0,0,,,0,0,0,0,0,0,0
6KLqAzXmhJ6hg1YTDL9yDY57RRp8HrN5npx61fVGLAQM,,,,,,,,,0,0,0,720,,0,0,null,null,0,0,0,0,0,,,0,0,0,0,0,0,0
6m4i6Gh83M4oDps6g6zXM4wiXap35w65DQS7hdnEzuB5,,,,,,,,,0,0,0,1105,,0,13890,null,null,0,0,0,0,0,,,0,0,0,0,0,0,0
6mBNN7cuBZ1Mq8UxcKqDapXP1ksdL4NS5W2KVvwCSYbQ,,,,,,,,,0,0,0,1100,,0,0,null,null,0,0,0,0,0,,,0,0,0,0,0,0,0
6MNXh4179HKZd1D2pKGgsdLjwQhifap2VLCaMHXj4KiH,,,,,,,,,0,0,57497,33929.5,,0,4089,null,null,0,0,0,0,0,,,0,0,0,0,0,0,0
6PDVx8ehuwBuoEwvmi6v56DzPzm96a9YiNH4kG4Rb7Dw,,,,,,,,,0,0,46343,4900,,0,0,null,null,0,0,0,0,0,,,0,0,0,0,0,0,0
6piefzGypBT52uysb42shtBcCUgyV8uBtseopjQNrjFA,,,,,,,,,0,0,0,5430,,0,0,null,null,0,0,0,0,0,,,0,0,0,0,0,0,0
6pPdyHoBv3MamTvbRmZXY69CuEN6YjDg7SF7t7KVLDic,,,,,,,,,0,0,0,0,,0,0,null,null,0,0,0,0,0,,,0,0,0,0,0,0,0
6qStdW1ywDJtdDUmp1FagV6RZXUyVt4jfiWHfxw1kw66,,,,,,,,,0,0,0,1117.6,,0,0,null,null,0,0,0,0,0,,,0,0,0,0,0,0,0
6qWP977HvKLis7hkZdSGgsn35yUGk5FS9SUnAgLJfojn,,,,,,,,,0,0,0,1105,,0,5846,null,null,0,0,0,0,0,,,0,0,0,0,0,0,0
6QyXjmR78n1WBqo5BDYv1mwqeUiWLpLyaYgvBYLA642i,,,,,,,,,0,0,0,0,,0,0,null,null,0,0,0,0,0,,,0,0,0,0,0,0,0
6s1FDNgVqrCJ5gDcSNkb1CaMUB94zvpLisRUZLU587RZ,,,,,,,,,0,0,191,0,,0,0,null,null,0,0,0,0,0,,,0,0,0,0,0,0,0
6sg3N9iZw5wQgMvNmuK8QyojsLJaUw7pW7KUKPKvuic,,,,,,,,,0,0,30596,9280,,0,54361,null,null,0,0,0,0,0,,,0,0,0,0,0,0,0
6uy4T7KzfpgqRcM5SHAYiqo1CxgVWKTJWUWbDaYn7TCc,,,,,,,,,0,0,273819,30859,,0,0,null,null,0,0,0,0,0,,,0,0,0,0,0,0,0
6VHKRsV67Hx6zUWdQs8FVNFW7Qb2SBsEd6jqMRD5UVGf,,,,,,,,,0,0,5752,2105,,0,0,null,null,0,0,0,0,0,,,0,0,0,0,0,0,0
6vuvZh3RXY5dwBVhzgjhoErM1PSupQHnG55CLrpzuNZk,,,,,,,,,0,0,0,1520,,0,0,null,null,0,0,0,0,0,,,0,0,0,0,0,0,0
6wWCviZYfvh9jmU1wJtUXw7TF4AAQDHGB5DahRRVQ6nB,,,,,,,,,0,0,0,865,,0,0,null,null,0,0,0,0,0,,,0,0,0,0,0,0,0
6X7bH994VjJabevT3LX67rxA9oUEcE3f5nrx1pn3yPbx,,,,,,,,,0,0,0,245,,0,0,null,null,0,0,0,0,0,,,0,0,0,0,0,0,0
6XbeDCCBvv7UWfRCUX6R26nidck3TW39Q2izZNYAwxC7,,,,,,,,,0,0,0,9530,,0,0,null,null,0,0,0,0,0,,,0,0,0,0,0,0,0
6xKDBhQwYpkHet8bPrucPoDHjn135DZwynDyKVQz2A6m,,,,,,,,,0,0,0,270,,0,0,null,null,0,0,0,0,0,,,0,0,0,0,0,0,0
6yftJBz1KdaTALeEfm8dADCqqH4Y6BoHKKUG89pUi4Sh,,,,,,,,,0,0,9,0,,0,0,null,null,0,0,0,0,0,,,0,0,0,0,0,0,0
6YUSszLLt9Qi9aq53RroTwwpdksSG45rifuj6v4cHJuo,,,,,,,,,0,0,0,225,,0,371,null,null,0,0,0,0,0,,,0,0,0,0,0,0,0
6zAES3SRAsnxrBWcnwxXkBBveCDjqdB3u2DZk6rfoU4h,,,,,,,,,0,0,0,15614.5,,0,0,null,null,0,0,0,0,0,,,0,0,0,0,0,0,0
6ZwXFkoKYevnYbdq9LfB9kvAjkHmo4kZrGrY7ofNyikf,,,,,,,,,0,0,0,10575,,0,0,null,null,0,0,0,0,0,,,0,0,0,0,0,0,0
73b1W8yifSpPSDHSnpPZETuPbUTo5rY4T8eTiGCDSHEK,,,,,,,,,0,0,31,1100,,0,0,null,null,0,0,0,0,0,,,0,0,0,0,0,0,0
73Z1WZL5JsbU5SVh43DCXhf3Dis1F2fx1FqihSm5zKhQ,,,,,,,,,0,0,0,8380,0,0,0,null,null,0,0,0,0,0,0,,0,0,0,0,0,0,0
78614swbA2xWQmBr2gFxYpwMyGQ6o9C5ZwWkf5fZgCee,,,,,,,,,0,0,1245,1418,,0,6003,null,null,0,0,0,0,0,,,0,0,0,0,0,0,0
78UCUCRK99NMxKMSkZCMvNr313Aitxg2e7VNWAivFR6P,,,,,,,,,0,0,6581,2409,,0,0,null,null,0,0,0,0,0,,,0,0,0,0,0,0,0
79eU8KVV53emiMcvMhrBEDSLQkrzk2fjgvFGALjaU1AJ,,,,,,,,,0,0,45608,4900,,0,7800,null,null,0,0,0,0,0,,,0,0,0,0,0,0,0
7a5tBL41AQ4hUNKLkfaeqBRuwP2pP5F9rNLP5WGgVkiX,,,,,,,,,0,0,2,0,,0,0,null,null,0,0,0,0,0,,,0,0,0,0,0,0,0
7aadaHbDLrEryv7VJZnGqENVi7VLni6WBSVajN1txZEK,,,,,,,,,0,0,0,3300,,0,0,null,null,0,0,0,0,0,,,0,0,0,0,0,0,0
7ckvB1uchDPcA5vkjJvu4DHCkgGq81qbJrd4P2CwPDV8,,,,,,,,,0,0,0,85803.895018,,0,0,null,null,0,0,0,0,0,,,0,0,0,0,0,0,0
7dEHcPjm5u3ghorGStN6TirTvNednPhhmEjtfVrhehzv,,,,,,,,,0,0,75719,11330,,0,0,null,null,0,0,0,0,0,,,0,0,0,0,0,0,0
7dMskWAgwv4EyQykEbnieDNZs5xDrJN6Ma6LKY5xyd1d,,,,,,,,,0,0,36903,13765,,0,43309,null,null,0,0,0,0,0,,,0,0,0,0,0,0,0
7DVaRtQf83aBtLLWY5W9v6FWAtTvs83472ddP5eN9Zx,,,,,,,,,0,0,0,0,,0,181,null,null,0,0,0,0,0,,,0,0,0,0,0,0,0
7FaDRP2acjvWCntY3At1GJ2RdqJttqCLQXJU6qpJzAg7,,,,,,,,,0,0,1556,1465,,0,17440,null,null,0,0,0,0,0,,,0,0,0,0,0,0,0
7g8hfSWo1PYw2sANYf6LVmgEnCf5Ua6XiwXeBvHmN8jv,,,,,,,,,0,0,33,2495,,0,15040,null,null,0,0,0,0,0,,,0,0,0,0,0,0,0
7gLx38a9pdfaQufmHvv4cPhgtSeyfbccty9p5CpTZaZA,,,,,,,,,0,0,46,0,,0,147,null,null,0,0,0,0,0,,,0,0,0,0,0,0,0
7GTDryEQzDhfYDQcFduC2J7StTnkeT2x95MzdJPjjfgt,,,,,,,,,0,0,1093,260,,0,0,null,null,0,0,0,0,0,,,0,0,0,0,0,0,0
7k9Aim2PtrfVP4H648soRPYqjLznAV6HwSvunVBCW7PQ,,,,,,,,,0,0,33421,865,,0,865,null,null,0,0,0,0,0,,,0,0,0,0,0,0,0
7KrTkLQx6gSbYctgxFM4z4aNeNEXPmSVMhKWzRD7otVv,,,,,,,,,0,0,0,1750,,0,0,null,null,0,0,0,0,0,,,0,0,0,0,0,0,0
7N6Vqen7PvFwZY9WwDPJ7SJNxZbSnjT3nwai32eYPUg4,,,,,,,,,0,0,6361,3300,,0,1465,null,null,0,0,0,0,0,,,0,0,0,0,0,0,0
7nBXnGsopKLFBDnXVJCwqHfcbbsj3VFMo7GaDpdJb6xH,,,,,,,,,0,0,0,2270,,0,341,null,null,0,0,0,0,0,,,0,0,0,0,0,0,0
7pGa9KNrfJXmm1CaYEXwMUPhmkPh4PvhB4gqXcHBEFjN,,,,,,,,,0,0,26256,10330,,0,0,null,null,0,0,0,0,0,,,0,0,0,0,0,0,0
7pPJt2xoEoPy8x8Hf2D6U6oLfNa5uKmHHRwkENVoaxmA,,,,,,,,,0,0,206736,323790.570007,,0,0,null,null,0,0,0,0,0,,,0,0,0,0,0,0,36540
7RZvGv6A8pLgvsBfNpyA9EQ8fUdxEF7yH5vfVqY2UA2a,,,,,,,,,0,0,578,0,,0,0,null,null,0,0,0,0,0,,,0,0,0,0,0,0,0
7vsh7hJYqvQczsocU3gaxCj5CRLHV82H5izomHhHsTTP,,,,,,,,,0,0,0,12723,,0,0,null,null,0,0,0,0,0,,,0,0,0,0,0,0,0
7XRMVGHZdAu2vMaY1wG3SNFSua9PaN5dxNN1iokZ5tSx,,,,,,,,,0,0,0,835,,0,103,null,null,0,0,0,0,0,,,0,0,0,0,0,0,0
7xUGbu5qU878pjzMMBoWxijpHhANDReyLbPDH4L5DWzF,,,,,,,,,0,0,0,9887.312501,,0,1,null,null,0,0,0,0,0,,,0,0,0,0,0,0,0
7ygba6zZNjeDt2PipjaM8m86CsE3YBXeT6zQEW9LdpLK,,,,,,,,,0,0,0,1720,,0,0,null,null,0,0,0,0,0,,,0,0,0,0,0,0,0
7zaKp2LGwhhBdj91Y9UbLftFSvif8tN8jP4dseV1rFeZ,,,,,,,,,0,0,0,3533,,0,148076,null,null,0,0,0,0,0,,,0,0,0,0,0,0,3533
81NMR1peytqNdkW5ZBpTiSW3qUXSA8riDUuodYgZufyv,,,,,,,,,0,0,0,3351.6,,0,0,null,null,0,0,0,0,0,,,0,0,0,0,0,0,0
82gJQKaPJ7QYhFpdVbKpL7VTXpSXdi62dZvUUQ9Sjxmn,,,,,,,,,0,0,0,3310,,0,0,null,null,0,0,0,0,0,,,0,0,0,0,0,0,0
85KeLnZn4za1G6SZdfxyTQ5zSUgxB5uNwPyAoA1yVCy3,,,,,,,,,0,0,34530,10330,,0,0,null,null,0,0,0,0,0,,,0,0,0,0,0,0,0
86EoiTHti5Q9ow4yaojSzUaWafmXh58joWgkjx1FsxRJ,,,,,,,,,0,0,14038,6813,,0,6025,null,null,0,0,0,0,0,,,0,0,0,0,0,0,0
88Ph8YFXQBKuNdK6LMsANFnwvDGj77ExAsNyZ2BFwc84,,,,,,,,,0,0,63,0,,0,0,null,null,0,0,0,0,0,,,0,0,0,0,0,0,0
88r3rNk7CYuue3GQYAt9HY8gPTg3sE57BFvmasBich4i,,,,,,,,,0,0,0,225,,0,0,null,null,0,0,0,0,0,,,0,0,0,0,0,0,0
8BbywAM9drrAekaXhJ2AGoDMwQsvQjLhBFPNzxG3hqKQ,,,,,,,,,0,0,0,8140,,0,0,null,null,0,0,0,0,0,,,0,0,0,0,0,0,0
8BFan3PdtNHQNLatBrYGttBebUdTuPmxQVDeZPcthbym,,,,,,,,,0,0,0,0,,0,970,null,null,0,0,0,0,0,,,0,0,0,0,0,0,0
8BXx8o9QfJ2CSC8DMynxmTQuX6xyMtgjwBdWKf4UbrqM,,,,,,,,,0,0,54773,28694,,0,0,null,null,0,0,0,0,0,,,0,0,0,0,0,0,0
8djD77wbxqJCCesESU7EgPJsk4tq7KGDi5EQgXon6H49,,,,,,,,,0,0,0,8455,,0,0,null,null,0,0,0,0,0,,,0,0,0,0,0,0,0
8DMtJy1QLnkXDmfqQcfwBkTY4jF2EPSUVUEKkVLMkQ9R,,,,,,,,,0,0,0,170,,0,1265,null,null,0,0,0,0,0,,,0,0,0,0,0,0,0
8DSiP9CwJm3AEcH6uuAYFpArRRDLYpDQgjHEvjkUgfg2,,,,,,,,,0,0,0,2250,,0,0,null,null,0,0,0,0,0,,,0,0,0,0,0,0,0
8EpbcD8oBXMMege7MWrhBScEf6ZuUzH22sFRzFFtXGs6,,,,,,,,,0,0,15,7465,,0,0,null,null,0,0,0,0,0,,,0,0,0,0,0,0,0
8Fj54CXnnNT4rmQstvweKRpjD7NhW4XJkYN5JpFQ2TF9,,,,,,,,,0,0,50588,30434,,0,1674,null,null,0,0,0,0,0,,,0,0,0,0,0,0,0
8fscX4BGejvrBB1WnYGs7DQNBxgjM9v6iqKnq9wGvS2S,,,,,,,,,0,0,0,2100,,0,6,null,null,0,0,0,0,0,,,0,0,0,0,0,0,0
8hbNNbHfmMLao1TMBuwdrFz4zZZfAnvHGB9DofWpu9FF,,,,,,,,,0,0,0,6619.312501,,0,0,null,null,0,0,0,0,0,,,0,0,0,0,0,0,0
8jhxB5SUMBkLWtyiaJfEds78vsLstVnhysf7gofLLg43,,,,,,,,,0,0,0,225,,0,0,null,null,0,0,0,0,0,,,0,0,0,0,0,0,0
8jxbnkcWeQdWwU22XEsaX1vS1TVbeCu43SzEnYRYzXr3,,,,,,,,,0,0,6,0,,0,0,null,null,0,0,0,0,0,,,0,0,0,0,0,0,0
8kj54eAztQ3UzYLdCDGCUjz36KNwJbzKWEj51u8Jfj5w,,,,,,,,,0,0,9922,3348,,0,0,null,null,0,0,0,0,0,,,0,0,0,0,0,0,0
8MCp6nFhZxQ2qZKE6GNuUJN6DyYt34YHFLMeuue5wPcB,,,,,,,,,0,0,0,1050,,0,0,null,null,0,0,0,0,0,,,0,0,0,0,0,0,0
8NdcaYUC1X5CP7FMDip78uqtqmCt8GcZdCzLRTYTihmb,,,,,,,,,0,0,0,0,,0,0,null,null,0,0,0,0,0,,,0,0,0,0,0,0,0
8NLRhKiZ6imTuT7yG2GKAGYZCKsJX1R7SwPh6tPFRuTR,,,,,,,,,0,0,0,0,,0,0,null,null,0,0,0,0,0,,,0,0,0,0,0,0,0
8oDBAVjZDbirZJNYotu8fpAUyK3SKGWk9NgrxCuy7Nib,,,,,,,,,0,0,26001,8475,,0,13252,null,null,0,0,0,0,0,,,0,0,0,0,0,0,0
8PqQYJDvsow3UGydnnNuwSoPBuJ2QGxT4DrwvRuAyLxJ,,,,,,,,,0,0,0,5405,,0,0,null,null,0,0,0,0,0,,,0,0,0,0,0,0,0
8Q5KkYJR1e7Zo1fF8sUm61UH1HrnV4sT3p853WKPWLQj,,,,,,,,,0,0,0,40292.500004000000,,0,181,null,null,0,0,0,0,0,,,0,0,0,0,0,0,0
8qRqVy3Vme8GsvWWk9pHArZgh6Ro1C9biWmozXNwresW,,,,,,,,,0,0,0,2210,,0,0,null,null,0,0,0,0,0,,,0,0,0,0,0,0,0
8qTXSDgQvNEPA5LewEsXMTZzkXz3sLhkHq112MA9fWme,,,,,,,,,0,0,0,41791,,0,0,null,null,0,0,0,0,0,,,0,0,0,0,0,0,0
8szuzs4TcqbQxYtGz6iaGdG8HaGx8XR3bA5ED2efgkqv,,,,,,,,,0,0,0,8140,,0,54,null,null,0,0,0,0,0,,,0,0,0,0,0,0,0
8TNsp6Yk6ELrdaYhbbjng1MznVMdV1kvgHiNfK9asekD,,,,,,,,,0,0,35000,38724,,0,0,null,null,0,0,0,0,0,,,0,0,0,0,0,0,0
8tZDggyhG8ai22mKtpThytmKD1NRYCDh5ixyju61kKLo,,,,,,,,,0,0,0,0,,0,0,null,null,0,0,0,0,0,,,0,0,0,0,0,0,0
8UeKyzmVEFCyyQ4nTpeQH128W2n5AQriMynYQGyCWcbm,,,,,,,,,0,0,1106,260,,0,3105,null,null,0,0,0,0,0,,,0,0,0,0,0,0,0
8uox1JozhJyo2XQbC92iSw1TM6gf5XWS1cLdVduELn1r,,,,,,,,,0,0,1277,0,,0,0,null,null,0,0,0,0,0,,,0,0,0,0,0,0,0
8uQPJ8jYBdd2fhvz2yfsn2bbAnNAmbd58SMPZ76vQJgr,,,,,,,,,0,0,0,4932,,0,0,null,null,0,0,0,0,0,,,0,0,0,0,0,0,0
8wNtk8VQjHAMiasjLd6vtXjXEGgDALkc1c3RL2Z3wYbp,,,,,,,,,0,0,0,170,,0,0,null,null,0,0,0,0,0,,,0,0,0,0,0,0,0
8zbC1cAGZJd1ucXfNufkqBasvQaCDSb5Sx294tWHKL2,,,,,,,,,0,0,8023,2185,,0,5520,null,null,0,0,0,0,0,,,0,0,0,0,0,0,0
911Wg8TP44ZLYtBXna3hz6k9Q4kYZzDHh24LTijo2TKS,,,,,,,,,0,0,0,0,,0,0,null,null,0,0,0,0,0,,,0,0,0,0,0,0,0
939AAWDfv2wTpR4qiSU59tyXYV12TrYr8jaxfaQWmydb,,,,,,,,,0,0,0,7764,,0,0,null,null,0,0,0,0,0,,,0,0,0,0,0,0,0
93Q3PW1bGtzsfLTqNoHgfrpVvEjunha9pcRGPZZf9phX,,,,,,,,,0,0,659628,45799,,0,31679,null,null,0,0,0,0,0,,,0,0,0,0,0,0,0
94DwKZLkXsxqbJ8GVRPQYLVWSEf4N2EtjeGGhD7dDcF2,,,,,,,,,0,0,1475,145,,0,8865,null,null,0,0,0,0,0,,,0,0,0,0,0,0,0
96Rv5skcWhTmwW1XaGn6DiKv51hnZHgK82oiYHQG5mxF,,,,,,,,,0,0,0,110,,0,0,null,null,0,0,0,0,0,,,0,0,0,0,0,0,0
96tq9QEc8qhyy7g5iA97SH8N1T9cMXAMQN6C2ycDcrm5,,,,,,,,,0,0,22,0,,0,0,null,null,0,0,0,0,0,,,0,0,0,0,0,0,0
96YK8Q7vDVvZAZUwkKNqYajwP4BfHw3Q5oT33w9YMLdj,,,,,,,,,0,0,226,0,,0,0,null,null,0,0,0,0,0,,,0,0,0,0,0,0,0
99NHcwD1iaf5FXM3UNb91SjNiiT3HwyQFQMhkGd5ASts,,,,,,,,,0,0,0,0,,0,0,null,null,0,0,0,0,0,,,0,0,0,0,0,0,0
9A7SSedx9mGi2qsgDaEKWc3dLPDCznpNcM6PfsDjdui5,,,,,,,,,0,0,0,35631,,0,0,null,null,0,0,0,0,0,,,0,0,0,0,0,0,0
9apnHjEQ8enLaPLxP7z9VQTphWE4nWqZcyHJYocQMpSE,,,,,,,,,0,0,174,0,,0,1496,null,null,0,0,0,0,0,,,0,0,0,0,0,0,0
9AX88o1WCF4F6XXWXMRC7YngkcPZchgyhNpZcz54sK4i,,,,,,,,,0,0,0,19389,,0,0,null,null,0,0,0,0,0,,,0,0,0,0,0,0,0
9dewJqYKVvHkT4rTsvu6c5ymGs6qszpA5xdQzhRbij6X,,,,,,,,,0,0,26317,10330,,0,903077,null,null,0,0,0,0,0,,,0,0,0,0,0,0,0
9DN2MSKSpZY8V2yYh1VeQj3t2WAVUkE9G4i1sVNy6Eik,,,,,,,,,0,0,0,2155,,0,0,null,null,0,0,0,0,0,,,0,0,0,0,0,0,0
9DWREMQtcKKcZRzqBi4kWKp61TW9MhASCVE9biCX7tvD,,,,,,,,,0,0,0,43747.145001000000,,0,0,null,null,0,0,0,0,0,,,0,0,0,0,0,0,0
9E3mWP3fNLfhNxdsgz1vR6Lw6c3PVb8C4ukmRuPrChXc,,,,,,,,,0,0,0,2855,,0,0,null,null,0,0,0,0,0,,,0,0,0,0,0,0,0
9fJ78F1Jj2qGnQ2TACnH96Ddut8emW3xy777XVrYdmUB,,,,,,,,,0,0,30732,9710,,0,0,null,null,0,0,0,0,0,,,0,0,0,0,0,0,0
9fyRmY3yvSatBVadP27B63rzxgKTgjNAtqwaJnfgqQqE,,,,,,,,,0,0,0,9225,,0,0,null,null,0,0,0,0,0,,,0,0,0,0,0,0,0
9gZkQ5CVC6siPgkpDcaqUP6FVxixD77RyuQZYVF5yEMf,,,,,,,,,0,0,0,2005,,0,12,null,null,0,0,0,0,0,,,0,0,0,0,0,0,0
9hJEEXYxdGSLD53GnuH4w1Z7XMQAxVin2tnZJQW4JT5N,,,,,,,,,0,0,2495,310,,0,0,null,null,0,0,0,0,0,,,0,0,0,0,0,0,0
9imB92RMXqakDKshWMehQRiebD4EoDNkJYtuJLsY7fyF,,,,,,,,,0,0,0,3358,,0,0,null,null,0,0,0,0,0,,,0,0,0,0,0,0,0
9K33ctJs72mwWjWPD8ZJ52gYhx27HVnwxKE54c2aCrmo,,,,,,,,,0,0,0,0,,0,21189,null,null,0,0,0,0,0,,,0,0,0,0,0,0,0
9kEdofySaznFida6DxoNcbMNMhJmkT1F1mXUTakLtS6B,,,,,,,,,0,0,0,1100,,0,0,null,null,0,0,0,0,0,,,0,0,0,0,0,0,0
9mtnVUBYoAeewWeFGs7RwcsGu9yjmZ9ZsK7X8vUrCSsR,,,,,,,,,0,0,33934,10330,,0,0,null,null,0,0,0,0,0,,,0,0,0,0,0,0,0
9n2zVy9XfNYCK93jbM2C5BubJ9h1dMftTZFcgsAH8Urn,,,,,,,,,0,0,1106,310,,0,3155,null,null,0,0,0,0,0,,,0,0,0,0,0,0,0
9N78qUJMtbJE5739uVuQYtoBR4CR68MDwtpLBFWrCHo4,,,,,,,,,0,0,0,1100,,0,0,null,null,0,0,0,0,0,,,0,0,0,0,0,0,0
9odBX3hiSVBG8VYacAPEhqTjVY3aCCpkFz2RiFaRA3uR,,,,,,,,,0,0,0,61461,,0,0,null,null,0,0,0,0,0,,,0,0,0,0,0,0,0
9qrKtzr1zX1cgU5NJtSm7ega3RS5v3MpGKUcutYvV444,,,,,,,,,0,0,0,225,,0,0,null,null,0,0,0,0,0,,,0,0,0,0,0,0,0
9qWN2em7qYpZg5dhD83bSepQbZWRY3GUZAxTnok1azZP,,,,,,,,,0,0,836535,314944,,0,18206,null,null,0,0,0,0,0,,,0,0,0,0,0,0,18206
9rNN4te7RAwFUTZRKZ7gc2d1zpvnMDMa9aQ1DnVkGoE9,,,,,,,,,0,0,1068,150,,0,5960,null,null,0,0,0,0,0,,,0,0,0,0,0,0,0
9RPncnrWF16ogtFxYiCeLTdYYK1NzE6VFEf2LQgbhAFh,,,,,,,,,0,0,0,570,,0,0,null,null,0,0,0,0,0,,,0,0,0,0,0,0,0
9RSpFWGntExNNa6puTVtynmrNAJZRso6w4gFWuMr1o3n,,,,,,,,,0,0,0,1000,,0,0,null,null,0,0,0,0,0,,,0,0,0,0,0,0,0
9SXAsCuQdibQAcrEseGg7T7EcKUvBaTseBjUo2MoYYfj,,,,,,,,,0,0,32930,10330,,0,2900,null,null,0,0,0,0,0,,,0,0,0,0,0,0,0
9Tftu1iJHwmth2QSp22QER4isFewT8RFK56tk79iJ3Ek,,,,,,,,,0,0,40,0,,0,0,null,null,0,0,0,0,0,,,0,0,0,0,0,0,0
9UJT3oX7g81JTdwDRehoS5Jp2iJqWxDoPsr6vhiGdv1Y,,,,,,,,,0,0,0,0,,0,0,null,null,0,0,0,0,0,,,0,0,0,0,0,0,0
9unmKCnBV4uEUtGZk4asvtdxWYqkkKdiwNZCdLgDmFfH,,,,,,,,,0,0,0,0,,0,0,null,null,0,0,0,0,0,,,0,0,0,0,0,0,0
9WFZNffyVg6GGtqTrs1tXzXCFkN2fA8CVQsGfGeyVMfJ,,,,,,,,,0,0,24910,10285,,0,10025,null,null,0,0,0,0,0,,,0,0,0,0,0,0,0
9wnG39BGsp8RxLcZ7XdK8sRtgaXyYrHR6XU1r8W2Dy9x,,,,,,,,,0,0,0,2941.4,,0,0,null,null,0,0,0,0,0,,,0,0,0,0,0,0,0
9XadRpBF3AgTmXpqV4rtDQruQkgfrS3qLWM2a74PW4oq,,,,,,,,,0,0,9416,5805,,0,4665,null,null,0,0,0,0,0,,,0,0,0,0,0,0,0
9xDdyQXVNxRDBdYwWypAunYEU6wNydzwgnyhkmM2rBgA,,,,,,,,,0,0,0,500,,0,0,null,null,0,0,0,0,0,,,0,0,0,0,0,0,0
9yPn5dTbPmFDkHTRU9w8EzAdCZH3BxsUVV7QnvX7MAso,,,,,,,,,0,0,0,1110,,0,0,null,null,0,0,0,0,0,,,0,0,0,0,0,0,0
9YZmoQEAcFbePQ34hvTxmU9z9DubbQHSVs6G4VvML4R8,,,,,,,,,0,0,0,225,,0,894,null,null,0,0,0,0,0,,,0,0,0,0,0,0,0
9ZeNiDFPTwFkG3ptwBZjMGL2N4djQgxAsU5YB6z2hhHy,,,,,,,,,0,0,332299,103222.500001,,0,55230,null,null,0,0,0,0,0,,,0,0,0,0,0,0,0
A3LsTeRJo5XtuwEzY4fV4LG5ks6vgSXJMMXSEK2pXpTa,,,,,,,,,0,0,0,1135,,0,0,null,null,0,0,0,0,0,,,0,0,0,0,0,0,0
A4zJGA5enYes3xjmz6h4mFe2Joojwn2ybf6v2ZKUSTAX,,,,,,,,,0,0,0,76477.50001600000,,0,0,null,null,0,0,0,0,0,,,0,0,0,0,0,0,0
A5KZtjKcDkDibwNKQ9zhG1LPvuL6iXr2VR8UvEyM7dEL,,,,,,,,,0,0,0,195,,0,3,null,null,0,0,0,0,0,,,0,0,0,0,0,0,0
A6bDBr5Latt5doB7XtmGmJYGGSwpw3TG14jjCJe81mri,,,,,,,,,0,0,0,0,,0,0,null,null,0,0,0,0,0,,,0,0,0,0,0,0,0
A7Cnu8Q2E3Pxz4QtWpG26acy9YMrFEeNVFHN42djxsZF,,,,,,,,,0,0,0,0,,0,300,null,null,0,0,0,0,0,,,0,0,0,0,0,0,0
A8qncfGwb9K1aXtihVjCJEzXE8ynvzgGQcSSVyP5L2Sz,,,,,,,,,0,0,228953,361221.7150040000,,0,0,null,null,0,0,0,0,0,,,0,0,0,0,0,0,0
ABcLyuh9ufZaDy5REzpsZK7bQFbX5kjAmaV8uHgrM22x,,,,,,,,,0,0,0,13475,,0,0,null,null,0,0,0,0,0,,,0,0,0,0,0,0,0
ABinaZhqZ4TfCGSXznFQNVkTTCNgNbgFw6GUgDTbHwke,,,,,,,,,0,0,0,196453,,0,0,null,null,0,0,0,0,0,,,0,0,0,0,0,0,0
AcHFT9hM7ewsWvwc5BGxhh4LxNW6B641ApfoK62Yr1n7,,,,,,,,,0,0,0,2570,,0,0,null,null,0,0,0,0,0,,,0,0,0,0,0,0,0
ADVicLtp6THTd3eUzto5rwM5PEZ9uXy5q6hxgttVRGA2,,,,,,,,,0,0,22559,1325,,0,0,null,null,0,0,0,0,0,,,0,0,0,0,0,0,0
AEMDocDf1WexMhMgCNEX24Ubm2NNs9F9bhCuLSYv8v2k,,,,,,,,,0,0,0,425,,0,0,null,null,0,0,0,0,0,,,0,0,0,0,0,0,0
AG4MwfWGDSbAans7aJ4yYd8zEx1L1L75D9TzrpYXhPiv,,,,,,,,,0,0,3561,420,,0,26305,null,null,0,0,0,0,0,,,0,0,0,0,0,0,0
AGAVova9eshPKo2PGaGEah4n8M9A3ZazFpLpyRUo4LVr,,,,,,,,,0,0,23999,1674,,0,0,null,null,0,0,0,0,0,,,0,0,0,0,0,0,0
AgVeUhKJVx2PT9mULNWdCcUxpmC1gQmmCGqsiDtrPyqC,,,,,,,,,0,0,0,4350,,0,0,null,null,0,0,0,0,0,,,0,0,0,0,0,0,0
Ah2mrovD2N95yt3YZWQLdG6pNcJ71JU9vYwKpXTv7Hd1,,,,,,,,,0,0,0,0,,0,0,null,null,0,0,0,0,0,,,0,0,0,0,0,0,0
AHsp4KBuxRDeCJ6788KjqMAzBqmWuh646gG6EVei5RfJ,,,,,,,,,0,0,0,2824,,0,39518,null,null,0,0,0,0,0,,,0,0,0,0,0,0,0
Ai5mecszgv7YdRBnD1ZuwaaWk7Hnj3oBLeK2yhA3SbgE,,,,,,,,,0,0,7485,5335,,0,22383,null,null,0,0,0,0,0,,,0,0,0,0,0,0,0
AksHjbcNDLYwerSJDSwN62xMoR2oCbPy4LTZoxb1rBot,,,,,,,,,0,0,0,24455,,0,1420,null,null,0,0,0,0,0,,,0,0,0,0,0,0,0
AKXcMJWahV5J4FUbXiMuobr6QTVg6D4cZxHoCqwc7AoP,,,,,,,,,0,0,0,465,,0,8509,null,null,0,0,0,0,0,,,0,0,0,0,0,0,0
AkXTPSmMeDY1hjRNH2BfCJByeWWPgJgJmJZFKEP5F7LC,,,,,,,,,0,0,52822,26153,,0,9547,null,null,0,0,0,0,0,,,0,0,0,0,0,0,9547
AM7Quc1ppXUpgHXhWr5mXJVXoyAaTcY5942ULPMaDR8q,,,,,,,,,0,0,0,4405,,0,0,null,null,0,0,0,0,0,,,0,0,0,0,0,0,0
ApB2Vz6uT36B4nChdrSwresQqB2rPwys2FQ4qgijEyAU,,,,,,,,,0,0,0,1290,,0,0,null,null,0,0,0,0,0,,,0,0,0,0,0,0,0
AQKdSSA8Y7Fr1n85WgdgZk7ntwZgTGSuyEyuQx2jxVQY,,,,,,,,,0,0,7394,1653,,0,6275,null,null,0,0,0,0,0,,,0,0,0,0,0,0,0
ArWLpgcbC6nGGirahJM8wkyo5B2p3vCiuThRTKuUwmuM,,,,,,,,,0,0,18083,0,,0,5810,null,null,0,0,0,0,0,,,0,0,0,0,0,0,0
AsZD6YM4qbX9JqU2RdNT1XAcMc3v5ZWTdSzcaGxLtgv3,,,,,,,,,0,0,0,5925,,0,222283,null,null,0,0,0,0,0,,,0,0,0,0,0,0,0
AudQEp6AtnmxfvjMZeVnr9Q8Ko34TbMLr4KYLhdzFtzf,,,,,,,,,0,0,0,1375,,0,0,null,null,0,0,0,0,0,,,0,0,0,0,0,0,0
AugdJSvnUSmeDSyWMKQjKmVFSx24joj7Z7Kgsb5czx33,,,,,,,,,0,0,0,1100,,0,0,null,null,0,0,0,0,0,,,0,0,0,0,0,0,0
AvANpdC6abaGpQMDW3xbB4tNbJ9VVWR5bSj66CX6gCpG,,,,,,,,,0,0,0,165,,0,1348,null,null,0,0,0,0,0,,,0,0,0,0,0,0,0
AvCXdBvp1aTGPcG7832nqqmki121zf9gNUWCAP6TRNxx,,,,,,,,,0,0,0,225,,0,1429,null,null,0,0,0,0,0,,,0,0,0,0,0,0,0
AXXRH6NVXjUNxi6GvVWV4Pp6q7k9xkqeqHhRx8sW41TX,,,,,,,,,0,0,35377,9963,,0,18305,null,null,0,0,0,0,0,,,0,0,0,0,0,0,0
AYrq553sqpS7f5xeYdGoNJLTSB4ddx5eRQKqyGkt9mR9,,,,,,,,,0,0,0,515,,0,0,null,null,0,0,0,0,0,,,0,0,0,0,0,0,0
AzdqxbTury9ygNmPuWFBhZbG4u8okaB74q3FrodowAF6,,,,,,,,,0,0,0,1610,,0,0,null,null,0,0,0,0,0,,,0,0,0,0,0,0,0
B1coZgYBAtgFjuqwauNNaNK4vEVwBhgY6LK7zkxUuV23,,,,,,,,,0,0,0,19409,,0,0,null,null,0,0,0,0,0,,,0,0,0,0,0,0,0
B26v8oLRoCd7GvsgRvQqNqzyT9aK5nR95Vohw3DE8X3J,,,,,,,,,0,0,2517,45,,0,2945,null,null,0,0,0,0,0,,,0,0,0,0,0,0,0
B3D8Wywdr4ncQWjGg93Uy1VfgXsLVuXawEdhrJWCg7WT,,,,,,,,,0,0,0,67680.286709,,0,4,null,null,0,0,0,0,0,,,0,0,0,0,0,0,0
B4P4miyudoJTSpiuchDJs4HvxhSvyStni49LtEVoYVM,,,,,,,,,0,0,115,12554,,0,0,null,null,0,0,0,0,0,,,0,0,0,0,0,0,12554
B4sPLzfPv8ZszXhrbjyf3Yekrq2kY4UwTd8iGQbv2XhJ,,,,,,,,,0,0,1330518,665137.8,,1,149747,null,null,0,0,0,0,0,,,0,0,0,0,0,0,112713
B4WMyWAuTsXnYPNMyzoWXHKUihNPbaYTm5hpzEJsmtmy,,,,,,,,,0,0,273,1660,,0,1612,null,null,0,0,0,0,0,,,0,0,0,0,0,0,0
B5CTBTggmGFvGFSunjbB4C9tLKcYcULehmEiEXRihY2J,,,,,,,,,0,0,0,6480,,0,0,null,null,0,0,0,0,0,,,0,0,0,0,0,0,0
B7My3enHSWyWTjYi4Ex6kh7JEYEsE9FoPR35s15uWCAf,,,,,,,,,0,0,428080,0,,0,0,null,null,0,0,0,0,0,,,0,0,0,0,0,0,0
B8wEgFPUdfWXBjjKNfQcbRseVxkAeM54ewite9jahSg5,,,,,,,,,0,0,7795,1735,,0,3860,null,null,0,0,0,0,0,,,0,0,0,0,0,0,0
B98e2BdhvvkxtBTwsu97HCmot93kjg9kEKSVYL6YnjjK,,,,,,,,,0,0,0,81153.000013,,0,0,null,null,0,0,0,0,0,,,0,0,0,0,0,0,0
B9EitFVjCWQu8LPVwHvysysysawEwzPLERsYhnzcRTcr,,,,,,,,,0,0,65436,7125,,0,0,null,null,0,0,0,0,0,,,0,0,0,0,0,0,0
Bcuxg6d777hzz4Qd9GnX4tzaysHaxLBm5Jdk4nnuZjt4,,,,,,,,,0,0,28931,9305,,0,1875,null,null,0,0,0,0,0,,,0,0,0,0,0,0,0
BcXjZUMYGxqj9iQYhHzCcqgzjmhiVEVFCLHRMP7Sm11D,,,,,,,,,0,0,0,2520,0,0,0,null,null,0,0,0,0,0,,,0,0,0,0,0,0,0
bdqizXTwNTeQQ642SdBTnT1NnwbpxywShjeGiV3dJVo,,,,,,,,,0,0,761,0,,0,0,null,null,0,0,0,0,0,,,0,0,0,0,0,0,0
BdXWSnSuL3aXB2QQqHUh2TXoqctkkLPecJGQs1aEj2DM,,,,,,,,,0,0,12892,2570,,0,7275,null,null,0,0,0,0,0,,,0,0,0,0,0,0,0
BGfc9w5WHge864tBRXc6svxGXya1nYwBKMwYjWFpGMbv,,,,,,,,,0,0,13572,0,,0,0,null,null,0,0,0,0,0,,,0,0,0,0,0,0,0
Bgke4TAWbLRebZEHPTYQAbX5juzzMszN941E1cWf1aqV,,,,,,,,,0,0,325,1900,,0,0,null,null,0,0,0,0,0,,,0,0,0,0,0,0,0
Bj4ig3ZCCHE2ZGd5CEYCZjooqVJx2zK7c9UFBLPMmRwG,,,,,,,,,0,0,0,0,,0,160,null,null,0,0,0,0,0,,,0,0,0,0,0,0,0
BjWbRcKNVWhkpXnaS6RbmQktwmTedosHKZnjumcfrPa2,,,,,,,,,0,0,0,14392.5,,0,0,null,null,0,0,0,0,0,,,0,0,0,0,0,0,0
BLWmdweeyc3q6Tv8nV98LWwQzTvjdHTLDRLQxbfqVgB6,,,,,,,,,0,0,0,1810,,0,0,null,null,0,0,0,0,0,,,0,0,0,0,0,0,0
BQ4N9WsL8omsYHQdf4xrwQmMdjc4hdTLrSf4RCEKHzYf,,,,,,,,,0,0,33230,5585,,0,5810,null,null,0,0,0,0,0,,,0,0,0,0,0,0,0
BQC45PGH9ND7hhNYpdnn56E7drE1s79GTUm7PvM38DRd,,,,,,,,,0,0,0,2080,,0,0,null,null,0,0,0,0,0,,,0,0,0,0,0,0,0
Bqr2Xd5EyJVoLjxniCbujekNkT37izbJ5upkVTkbVqz6,,,,,,,,,0,0,0,5805,,0,0,null,null,0,0,0,0,0,,,0,0,0,0,0,0,0
BsFR3oxtQfRb3PfFwRYMv8uYUo2WmicTAEm1sZDaUE6c,,,,,,,,,0,0,0,110,,0,0,null,null,0,0,0,0,0,,,0,0,0,0,0,0,0
BSSumCtyz2vN9ghjW9CPhiGhbC1211QXynN5sNTmE2Wt,,,,,,,,,0,0,0,270,,0,0,null,null,0,0,0,0,0,,,0,0,0,0,0,0,0
Bth743TH1mubgh2XwWa1kWpGP33eMAin4bURaTWUfJW3,,,,,,,,,0,0,0,1170,,0,0,null,null,0,0,0,0,0,,,0,0,0,0,0,0,0
BVct7mv8HPQwRp8x5xPZkj5HXcppMroGAC7eur7v8oYg,,,,,,,,,0,0,33333,6663,,0,0,null,null,0,0,0,0,0,,,0,0,0,0,0,0,0
BX1Jwuksm2hSwwvQNeRjKK9Sd4qWphQ9ckRTuGsWTaNG,,,,,,,,,0,0,0,1000,,0,0,null,null,0,0,0,0,0,,,0,0,0,0,0,0,0
BXokbUFNAGupNhuczvFDCS2BaXChnCvpCFB7qSJErH4f,,,,,,,,,0,0,1000,1100,,0,100,null,null,0,0,0,0,0,,,0,0,0,0,0,0,0
BxpLhsyyeAb4UZ4Ec9aHqCLjTD3GsnnN2ryun9MR1het,,,,,,,,,0,0,8694,465,,0,0,null,null,0,0,0,0,0,,,0,0,0,0,0,0,0
BZ8uP8aJWg5u1uJ92jsnSu5hHRpDZLYAMDrxJjHrLDXy,,,,,,,,,0,0,0,555,,0,0,null,null,0,0,0,0,0,,,0,0,0,0,0,0,0
BZeGjhfK8knnmWnX7crYwi6iKyyUaoWMZFBhrC1FNuQJ,,,,,,,,,0,0,0,0,,0,575,null,null,0,0,0,0,0,,,0,0,0,0,0,0,0
C11DGC2g4CxQDRxE9RpMhXoNoU2m4P1bzScow89ZzuW5,,,,,,,,,0,0,0,11508,,0,0,null,null,0,0,0,0,0,,,0,0,0,0,0,0,0
C1FXJo9uU2fekRjemArrcrbBVvaSwfWaeSJsasDL7N9a,,,,,,,,,0,0,1875,68217.50000100000,,0,0,null,null,0,0,0,0,0,,,0,0,0,0,0,0,0
C4mTkugj8iBr7JSpPzK7zTu8Hq8K1YES3uRKHNXC9AF2,,,,,,,,,0,0,1416,1520,,0,295,null,null,0,0,0,0,0,,,0,0,0,0,0,0,0
C5q4tYiDzjJnikeVTBKFV3Xqp9eQ3jhZ6U4Esgrnuxih,,,,,,,,,0,0,0,0,,0,0,null,null,0,0,0,0,0,,,0,0,0,0,0,0,0
C6FoYczjiHJQRTUKGRLwnmDnDuQ8BR54XrcXGPhamxL2,,,,,,,,,0,0,0,0,,0,0,null,null,0,0,0,0,0,,,0,0,0,0,0,0,0
C6wM9NQ5qgAU9Jsu7x2BmNPb4y5yAineKb92DuCRWXUg,,,,,,,,,0,0,4699,315,,0,145,null,null,0,0,0,0,0,,,0,0,0,0,0,0,0
C7MUK5DsePeb5Ud4HicydsrtygZ1F8s8zsKXkwDqhq5X,,,,,,,,,0,0,23655,29580,,0,8825,null,null,0,0,0,0,0,,,0,0,0,0,0,0,0
C8hp7p1YTH4hhVeamPLqGVRSzC1ejdvAwKBcv89qPfiQ,,,,,,,,,0,0,0,19409,,0,0,null,null,0,0,0,0,0,,,0,0,0,0,0,0,0
C96pACNoAx1yQXrrXZWEXcGy1EojCJSdKHQpEB6DvYcp,,,,,,,,,0,0,0,6280,,0,27163,null,null,0,0,0,0,0,,,0,0,0,0,0,0,0
C9wBQEx29v9Jxg7cBXE9QZmU6hW8B5TXtMvh5MasRPMq,,,,,,,,,0,0,1055,1255,,0,3100,null,null,0,0,0,0,0,,,0,0,0,0,0,0,0
CAyUN2HnWs2EKqJdFwcqPoH2NfNRz54uuvcHKiAL9mQt,,,,,,,,,0,0,0,0,,0,0,null,null,0,0,0,0,0,,,0,0,0,0,0,0,0
CCftgaVphVAx9r5TGvyKiRTjMkHPJU58x22bnQ9gLoov,,,,,,,,,0,0,58,55,,0,0,null,null,0,0,0,0,0,,,0,0,0,0,0,0,0
CcgJm67J2QH433jm9FMhLJg66qZXN36m13otScKfy1mU,,,,,,,,,0,0,0,43852.739631,,0,0,null,null,0,0,0,0,0,,,0,0,0,0,0,0,0
CcNvtJa6odPnxUpAstTfY2qf2FxbSd5AKJGJvJsacf44,,,,,,,,,0,0,7910,1765,,0,174,null,null,0,0,0,0,0,,,0,0,0,0,0,0,0
CEqfgDMgPxdcpmXurtW7bW2yj8mvAFKqMmRjn96g3YHn,,,,,,,,,0,0,0,2250,,0,0,null,null,0,0,0,0,0,,,0,0,0,0,0,0,0
CFjge9uufEyF8Tz1kz9mvAL8VnxWJBXQv81JH599WtuF,,,,,,,,,0,0,0,0,,0,34,null,null,0,0,0,0,0,,,0,0,0,0,0,0,0
ChdRba84hfp7qDSwZ9eexZnQit8Eb1W9cXABr1ADA9cf,,,,,,,,,0,0,0,520,,0,0,null,null,0,0,0,0,0,,,0,0,0,0,0,0,0
CHLAvz4B4YcCUAHYpEQ6jGe3tHTiKLZojYHYyTyB4xuB,,,,,,,,,0,0,25449,7930,,0,28150,null,null,0,0,0,0,0,,,0,0,0,0,0,0,0
CinHb6Xt2PnqKUkmhRo9hwUkixCcsH1uviuQqaTxwT9i,,,,,,,,,0,0,1581129,290415.014147,,1,18317,null,null,0,0,0,0,0,,,0,0,0,0,0,0,12554
Cj2r2kiGAyLzGWprHoiVMh1Rbs4r42SBDb3dLjNYvhnm,,,,,,,,,0,0,0,0,,0,0,null,null,0,0,0,0,0,,,0,0,0,0,0,0,0
CktpFrxgAg5W6SaPveZQ5zpEqZeKZieCzba2MD14q2vK,,,,,,,,,0,0,0,170,,0,3215,null,null,0,0,0,0,0,,,0,0,0,0,0,0,0
CKXBywyhvxoc9sTv469sxgQNQEVGjoUd1SuefS1tMoq9,,,,,,,,,0,0,0,535,,0,0,null,null,0,0,0,0,0,,,0,0,0,0,0,0,0
CLcXVZpCwF9QH2aNjFhPSzyeUVifkP9W88WHwfe6sMww,,,,,,,,,0,0,0,98105,,0,0,null,null,0,0,0,0,0,,,0,0,0,0,0,0,0
CLvY3mAD19MN4USSuPJRaVBeDwF4BxMoxwx5XQ51Y6d1,,,,,,,,,0,0,0,8255,,0,0,null,null,0,0,0,0,0,,,0,0,0,0,0,0,0
CnaSrh24JwGiLTJQZAdYEoVu8nnAHggK2eoJPRUfroEf,,,,,,,,,0,0,2252,245,,0,0,null,null,0,0,0,0,0,,,0,0,0,0,0,0,0
CNNFXogS4zoQewDabSBUJMy62JCydFupeZBXm8BnG5fL,,,,,,,,,0,0,0,6835,,0,335,null,null,0,0,0,0,0,,,0,0,0,0,0,0,0
CPgVKcErWsf8eiKco6RFT4S8wAUCjfU38xhuzUdngx1a,,,,,,,,,0,0,743,3533,,0,3533,null,null,0,0,0,0,0,,,0,0,0,0,0,0,3533
Cq6PxbiSUTpgoWpG2hSJYG6oF6pkGCGx2Ni35AVBTqkC,,,,,,,,,0,0,0,465,,0,3129,null,null,0,0,0,0,0,,,0,0,0,0,0,0,0
CqZUSsbtVm3UebTovRHVomWjkwMnjvrvFaV2hGyqNE5C,,,,,,,,,0,0,0,865,,0,0,null,null,0,0,0,0,0,,,0,0,0,0,0,0,0
CsUuL6KLFBxWk5f4FVZURp4CN2RRc2Q7rJDUNxfk6iPL,,,,,,,,,0,0,0,31777,,0,0,null,null,0,0,0,0,0,,,0,0,0,0,0,0,0
CUfpptASdtG6jd1Prd8eUBdnZ67oh3qRGKZBFiR2ei7X,,,,,,,,,0,0,0,0,,0,0,null,null,0,0,0,0,0,,,0,0,0,0,0,0,0
Cui1zPLdi2n9zQMpYG2QEJzuvimUmVSULHNDSpYbroUV,,,,,,,,,0,0,47039,10330,,0,0,null,null,0,0,0,0,0,,,0,0,0,0,0,0,0
CuQTrVP9S6AndurzudM6oGTfmRj4qYCg7T1dis2x9Zvh,,,,,,,,,0,0,100,0,,0,2900,null,null,0,0,0,0,0,,,0,0,0,0,0,0,0
CuZz9rpTNtjb3JitqQG77e4CV5YhP6KGG8g9AY6E74PK,,,,,,,,,0,0,1311,1348,,0,6103,null,null,0,0,0,0,0,,,0,0,0,0,0,0,0
CvJ4NrY4dgB9dUchcckQh8vf4VejWPuGyYY49xNSk48U,,,,,,,,,0,0,7246,1090,,0,465,null,null,0,0,0,0,0,,,0,0,0,0,0,0,0
CWvWQWt5mTv7ZxUxQCcYWLadhkRrVAdkpy1n65yBSfqw,,,,,,,,,0,0,2279,245,,0,5905,null,null,0,0,0,0,0,,,0,0,0,0,0,0,0
CxUPhL8xK75y6DGnUBAwWvQhhfpLqdQw7YuDdVERrod3,,,,,,,,,0,0,29715,9305,,0,0,null,null,0,0,0,0,0,,,0,0,0,0,0,0,0
CyNCEX5N65vWDfmt2KMYH1UBQFXDjsJw6yMXs6aXzh2t,,,,,,,,,0,0,1352,2609,,0,2609,null,null,0,0,0,0,0,,,0,0,0,0,0,0,0
D1etH3Mtd5nC11kqHodDgUyyrJsyRZXta66gatn5WzFr,,,,,,,,,0,0,0,21195,,0,0,null,null,0,0,0,0,0,,,0,0,0,0,0,0,0
D3s8NuLSxhvEwpnQ9wMkgEx3j2Hbw6FcFfA2Nh1p78dF,,,,,,,,,0,0,0,39486.812507,,0,0,null,null,0,0,0,0,0,,,0,0,0,0,0,0,0
D727PgWtzMMQnDiUqPA5BhrcC1HCyshegKqFK5wseAcE,,,,,,,,,0,0,0,320,,0,0,null,null,0,0,0,0,0,,,0,0,0,0,0,0,0
D7o5YEE6ZTnQPRd2nbdoK1rRP83mLLoapoBWgkSJFUHL,,,,,,,,,0,0,0,17102,,0,0,null,null,0,0,0,0,0,,,0,0,0,0,0,0,0
D8quLVQiJBJTWhFyLXACxAj6dDe8kZQaT5KCXDkHSFF,,,,,,,,,0,0,0,45,,0,0,null,null,0,0,0,0,0,,,0,0,0,0,0,0,0
DAEDx7zcVf2dHnQ3QJcm3m7ntQW2QBKQceBWuTMB2HrD,,,,,,,,,0,0,1,360,,0,0,null,null,0,0,0,0,0,,,0,0,0,0,0,0,0
DcLN5EYHBSexnKdipnSmiFAKevcxGijURonzaWfri8Cq,,,,,,,,,0,0,0,6660,,0,0,null,null,0,0,0,0,0,,,0,0,0,0,0,0,0
DfBkSs751F9sMueh97ZNyiBBY2AjZf3A7zzGYvg8hgtX,,,,,,,,,0,0,0,9540,,0,0,null,null,0,0,0,0,0,,,0,0,0,0,0,0,0
DfCHMeHfRYMBQwMje5bLSqimMWXhArYoTomX2vRr6Ty9,,,,,,,,,0,0,0,6660,,0,2,null,null,0,0,0,0,0,,,0,0,0,0,0,0,0
DFhvkpq3vVKAPtpTZ4QHFrZugc9Ksg72xFVmJ54TLcbZ,,,,,,,,,0,0,0,1590,,0,0,null,null,0,0,0,0,0,,,0,0,0,0,0,0,0
DFq55SHcdmJBsVS4VFdtKEn5xktPvKhZ1UL6Tm6mUVr1,,,,,,,,,0,0,1245,518,,0,43,null,null,0,0,0,0,0,,,0,0,0,0,0,0,0
DGSUW7WdinzapNgdikmcopKdBzK7C23qqBbZkDtiL3Tc,,,,,,,,,0,0,0,6540,,0,0,null,null,0,0,0,0,0,,,0,0,0,0,0,0,0
DHbJSLwfamNT58uwus2xSDZAQRmQKLYv8d5zY2R14WAw,,,,,,,,,0,0,0,2075,,0,0,null,null,0,0,0,0,0,,,0,0,0,0,0,0,0
DibvTCFDPWnjiY1KtiuxxnJQiswEPPeZ4NFnnES52Ekm,,,,,,,,,0,0,0,398,,0,0,null,null,0,0,0,0,0,,,0,0,0,0,0,0,0
DjwmsBuJcwp8KmC2ZV7qHAaL44f7mjgtYLBQfFTURTCr,,,,,,,,,0,0,24811,6105,,0,3850,null,null,0,0,0,0,0,,,0,0,0,0,0,0,0
DkmqiSVcX73wfBK8oAkedK5SPDafr1WhjnZynoFZmEdi,,,,,,,,,0,0,61,0,,0,0,null,null,0,0,0,0,0,,,0,0,0,0,0,0,0
DmLoxafqPoEcenVtwHVzejZePHzvDroSDSC6FsGCn5ok,,,,,,,,,0,0,28940,6049,,0,28699,null,null,0,0,0,0,0,,,0,0,0,0,0,0,0
Dn7KxU39JYhJ2uD8gTmuNN3mKhypzJvG4EqiU6gfPMsY,,,,,,,,,0,0,0,2785,,0,0,null,null,0,0,0,0,0,,,0,0,0,0,0,0,0
DnkfFnFB8auoDWrmj3fHmYn3oH6XVvAkoHnUH5aAr6KP,,,,,,,,,0,0,0,55,,0,1112,null,null,0,0,0,0,0,,,0,0,0,0,0,0,0
DnwJm4GC53YYddKuHmNeeVhjNCQ1R69dMQPfGBYz3ALh,,,,,,,,,0,0,3000,245,,0,245,null,null,0,0,0,0,0,,,0,0,0,0,0,0,0
Dp9zaK7ZTBkEnT5T84HDPwtQehGPgnndJKDmBQvrjm3E,,,,,,,,,0,0,0,0,,0,0,null,null,0,0,0,0,0,,,0,0,0,0,0,0,0
DqHiYPrcf6G794bxNXSTKLUqbdxZLEVTDdzYZsuvBHhA,,,,,,,,,0,0,51365,1875,,0,0,null,null,0,0,0,0,0,,,0,0,0,0,0,0,0
DqykcUBXZS3pUWTNiev5CmQXgJaV4EsV3Z61ybL6du7G,,,,,,,,,0,0,0,0,,0,0,null,null,0,0,0,0,0,,,0,0,0,0,0,0,0
DrEDgXWTBfZbbVNT2ZdvxA5DUZx8CLTteGnsSJaXtZsK,,,,,,,,,0,0,85963,15330,,0,116280,null,null,0,0,0,0,0,,,0,0,0,0,0,0,0
DRPeMowpMdNNLzmsq6TydXPiMUosLAgtcJGmxPAVDNYA,,,,,,,,,0,0,10,49350,,0,0,null,null,0,0,0,0,0,,,0,0,0,0,0,0,0
DswUZNJb4HHCYodkwtb3UHkKtLQu95uEapDnQF9sMuEr,,,,,,,,,0,0,0,9275,,0,0,null,null,0,0,0,0,0,,,0,0,0,0,0,0,0
DTaCwavH7jZunda46R5rUh5FwHgHAWLt7dsfgqCRjASo,,,,,,,,,0,0,1540,520,,0,0,null,null,0,0,0,0,0,,,0,0,0,0,0,0,0
DvubPpEGskB7U4UpswauprWPugKfhMEWnVywrqefgsZg,,,,,,,,,0,0,0,0,,0,101,null,null,0,0,0,0,0,,,0,0,0,0,0,0,0
DWoCVJgBKrCJJLmw9dvJkzEhXr2CLNaXz5TxcuYzAyTA,,,,,,,,,0,0,0,115,,0,0,null,null,0,0,0,0,0,,,0,0,0,0,0,0,0
dWxSRoUzdTTpSUkmhpETet1zthNz6xJZ9oe3gpcGXkJ,,,,,,,,,0,0,25625,9175,,0,0,null,null,0,0,0,0,0,,,0,0,0,0,0,0,0
DxcDp99aQqLuqdM3hhS9YY2EMmMGNqzS6iYyNFWYvjc8,,,,,,,,,0,0,8225,2145,,0,0,null,null,0,0,0,0,0,,,0,0,0,0,0,0,0
E4bDwfhpWYU4eNguhMevrn9GXzBGHaS5YDd8dBdJvGpw,,,,,,,,,0,0,0,3000,,0,1466,null,null,0,0,0,0,0,,,0,0,0,0,0,0,0
E4mQmbU4crQNpRwPXgixUENNsk8Kvk7u7qApm2jr4FK9,,,,,,,,,0,0,0,2325,,0,0,null,null,0,0,0,0,0,,,0,0,0,0,0,0,0
E6R3GmKBJNLcV35MctoyWmaLDixsn9pWaGavvixzJAHD,,,,,,,,,0,0,0,19137.3125,,0,1000,null,null,0,0,0,0,0,,,0,0,0,0,0,0,0
E9gTcqPYkvN2bW6znLQn8UuoVu1cKrUAzCLjM3UU5j8Z,,,,,,,,,0,0,33,0,,0,0,null,null,0,0,0,0,0,,,0,0,0,0,0,0,0
E9sYvLtary49LMDPxrGk9Vu9BqppdoU8qeW1ByPAdU6z,,,,,,,,,0,0,2,0,,0,0,null,null,0,0,0,0,0,,,0,0,0,0,0,0,0
EAgfwtbjMpWSd51ZFbR7vJ6Aeqje7r6dWbGNgP9iz1oa,,,,,,,,,0,0,0,5090,,0,40072,null,null,0,0,0,0,0,,,0,0,0,0,0,0,0
EBLyVjie81BHWm59qyoRwEdRRXrCaCHrf8An5Hq8spQJ,,,,,,,,,0,0,0,55,,0,0,null,null,0,0,0,0,0,,,0,0,0,0,0,0,0
EbVdTBGv5poB8ovWLnDAduh3w7bQMppZjsEaT6KhxAmB,,,,,,,,,0,0,0,60450.50000000000,,0,0,null,null,0,0,0,0,0,,,0,0,0,0,0,0,0
EBWoWQ7R7Jb1E1JZXD5iVaPfNzxtdytykfegsQMeySCG,,,,,,,,,0,0,0,243,,0,0,null,null,0,0,0,0,0,,,0,0,0,0,0,0,0
ECXiBwburMfDs6c45MQRdHaqDjQS5929xFD4m5zCx1sv,,,,,,,,,0,0,0,7025,,0,0,null,null,0,0,0,0,0,,,0,0,0,0,0,0,0
EGF6rhmn3psHzTRpM7tPCkDGrN1Dw4EKP99SZZkQRBTW,,,,,,,,,0,0,1616,310,,0,195,null,null,0,0,0,0,0,,,0,0,0,0,0,0,0
EGL59UmjajEPdf7eDXzkGp7gi824eCYzfL6guBrGgvAx,,,,,,,,,0,0,568343,51450,,0,8720,null,null,0,0,0,0,0,,,0,0,0,0,0,0,0
EGMTUd1CeWQibDC5ya88dM1qAh2c8bZeRPqerLyEDLqB,,,,,,,,,0,0,0,7125,,0,0,null,null,0,0,0,0,0,,,0,0,0,0,0,0,0
EgwQVmHDVcusQv8NepYQZhk5ph7cffB2CALXabmAkTYY,,,,,,,,,0,0,3758,1295,,0,3195,null,null,0,0,0,0,0,,,0,0,0,0,0,0,0
eMq8gqAwtHYPqkAJ4HkbdxUuhQSGDEoiepYQntC81Sm,,,,,,,,,0,0,0,104198.83437600000,,0,0,null,null,0,0,0,0,0,,,0,0,0,0,0,0,0
ENcB4qF8wfSaZvA9x7fD6JdtHRoXhHmhKDBAgW94dMAy,,,,,,,,,0,0,27967,18685,,0,11735,null,null,0,0,0,0,0,,,0,0,0,0,0,0,0
ENpKK4BwmR1TJZp5PyKXHfqbZbVjW1GhNEB9MuhSAYon,,,,,,,,,0,0,0,265,,0,0,null,null,0,0,0,0,0,,,0,0,0,0,0,0,0
EoBCPxSn2N7b8dM1Kq43yYceY83eHxAXXANZE5Ga3cKz,,,,,,,,,0,0,30262,9500,,0,1875,null,null,0,0,0,0,0,,,0,0,0,0,0,0,0
Epi29vEWt4UXLV4MUk2ekv4v61BxS1yGbWyxwMB46xBm,,,,,,,,,0,0,0,2785,,0,0,null,null,0,0,0,0,0,,,0,0,0,0,0,0,0
EqzTB2Yivt8cXh9grxTRKzJJcKBrCsr3cVvdFDtyeovw,,,,,,,,,0,0,1420,520,,0,3195,null,null,0,0,0,0,0,,,0,0,0,0,0,0,0
EsmVpPTeNJiJ1FZqR2k9xNUJmiuq9QYUWuZk6D4zp6k9,,,,,,,,,0,0,3268,45,,0,2945,null,null,0,0,0,0,0,,,0,0,0,0,0,0,0
ESZb6BDNqftFddcUAdWb9R1LN3B42d763MEd9KdCnsvf,,,,,,,,,0,0,1019,205.00001,,0,3050,null,null,0,0,0,0,0,,,0,0,0,0,0,0,0
EVa7c7XBXeRqLnuisfkvpXSw5VtTNVM8MNVJjaSgWm4i,,,,,,,,,0,0,13793,710,,0,26160,null,null,0,0,0,0,0,,,0,0,0,0,0,0,0
Evs9aHMu7Txr3vurtmpqjThVgf2pbpdf5gL2nBCqpLAo,,,,,,,,,0,0,0,38217.500002,0,0,0,null,null,0,0,0,0,0,,,0,0,0,0,0,0,0
EZkLrrNcQGFmi5XQwECyR8DZ2syhHRbH3xwunQvqtExA,,,,,,,,,0,0,0,4405,,0,25916,null,null,0,0,0,0,0,,,0,0,0,0,0,0,0
EZLvwGdGyeks3jQLWeBbjL1uGeGbqb2MYU4157pDP9ch,,,,,,,,,0,0,330817,232859,,0,0,null,null,0,0,0,0,0,,,0,0,0,0,0,0,0
F4KVnYtmfFBhGMpyN8ZSQgSzeozaPZX1b2CE5jWBwcsm,,,,,,,,,0,0,1077,50,,0,5860,null,null,0,0,0,0,0,,,0,0,0,0,0,0,0
F4RncFEP3r6sQojn1KVF2ya6FoZkyLV3Gyg5Taw1UYXR,,,,,,,,,0,0,1160,370,,0,9035,null,null,0,0,0,0,0,,,0,0,0,0,0,0,0
F95KV3PQZYa71EuAyE6Datq3wLeUwWijc8cdUAzgYx2D,,,,,,,,,0,0,0,6990.5,,0,0,null,null,0,0,0,0,0,,,0,0,0,0,0,0,0
FB7m2iMB3MNoFE46wpfZRXp6wBx5FheZZEe2DrPyjthV,,,,,,,,,0,0,0,625,,0,0,null,null,0,0,0,0,0,,,0,0,0,0,0,0,0
FceqDiyvfkxHtTN1QSKUDLJ6iY7VQHKbkARwcbUavq4W,,,,,,,,,0,0,1000,0,,0,0,null,null,0,0,0,0,0,,,0,0,0,0,0,0,0
Fd1UotedJbfuspoYKjrGgkExwzsszQPgbYJD3Hu8MZSn,,,,,,,,,0,0,10536,7557.5,,0,2900,null,null,0,0,0,0,0,,,0,0,0,0,0,0,0
FDXUDFHyERZWHBC3VvX8BEPmL2bQ3YvDKaaoe52oCKau,,,,,,,,,0,0,0,960,,0,0,null,null,0,0,0,0,0,,,0,0,0,0,0,0,0
FfHVSbURtYEsXxVBHLYvQEHkpX3KTL8wgJzs5dhxFmYE,,,,,,,,,0,0,0,0,,0,17,null,null,0,0,0,0,0,,,0,0,0,0,0,0,0
FFwsHXsvAFpCQuMnFQZRRouKYEXg16V1uZqdVxKcfZar,,,,,,,,,0,0,0,9485,,0,0,null,null,0,0,0,0,0,,,0,0,0,0,0,0,0
FkTvYVx1ymhCjj7jzrh6J1Sj3NidyHfEdXpAtnaQ92A5,,,,,,,,,0,0,309421,40733,,0,5763,null,null,0,0,0,0,0,,,0,0,0,0,0,0,0
FKWLj5nK8LV9mpWXqzFMRUBQ5jgNbpzHqrQ61UXmZK4N,,,,,,,,,0,0,0,0,,0,0,null,null,0,0,0,0,0,,,0,0,0,0,0,0,0
FLPdEawgnTLeDDtX8aZQhBzy4TYK5EKd2YKoYxvE8rUE,,,,,,,,,0,0,0,225,,0,23043,null,null,0,0,0,0,0,,,0,0,0,0,0,0,0
FnBpFq7Kf2vZrTx9Bxo3j7HMQVRoW1QefG968cfb7frR,,,,,,,,,0,0,0,1835,,0,1,null,null,0,0,0,0,0,,,0,0,0,0,0,0,0
FntYEntiP2E3SfvVfqArXAcyZR1nzwL5T2wTX53ztXvg,,,,,,,,,0,0,0,8830,,0,26252,null,null,0,0,0,0,0,,,0,0,0,0,0,0,0
FP5knkMJKxqM7YiLMxyyRowuegaNsEGghbMmW4zat9EW,,,,,,,,,0,0,0,47322,,0,0,null,null,0,0,0,0,0,,,0,0,0,0,0,0,0
Fp9ULSKHYm2bR6AUZvZGdXWcWsB7iynaUS9ipr5K1MbF,,,,,,,,,0,0,0,0,,0,0,null,null,0,0,0,0,0,,,0,0,0,0,0,0,0
FpGe2qCiX2NDjU8ju7wPUSavEkZN26mQV11vwRaS26p3,,,,,,,,,0,0,0,1295,,0,0,null,null,0,0,0,0,0,,,0,0,0,0,0,0,0
FrytnomHvzLrCbwZ34Y7SkYzGRYdBiViCD9EUECKTFii,,,,,,,,,0,0,57091,10330,,0,0,null,null,0,0,0,0,0,,,0,0,0,0,0,0,0
FtzNrvFRQXYB5NiW6qTS4eCdAm4QeKWenAXVqyvaJvGF,,,,,,,,,0,0,3472,1000,,0,0,null,null,0,0,0,0,0,,,0,0,0,0,0,0,0
FubSx8FudbtjgnuNk8j9WwAPnPK4XzeN7FNfoBarQFDG,,,,,,,,,0,0,0,0,,0,0,null,null,0,0,0,0,0,,,0,0,0,0,0,0,0
FuXhp8cXQ6kWWipLjyTi1DxPcp2Vo6441VmBz2fbo4sx,,,,,,,,,0,0,0,0,,0,0,null,null,0,0,0,0,0,,,0,0,0,0,0,0,0
Fwo5yzx7a7bwzMH8qitz1CesrMJgrZDuCkNC85UpkPWd,,,,,,,,,0,0,0,2610,,0,0,null,null,0,0,0,0,0,,,0,0,0,0,0,0,0
FXvKXYLEZr5wREeWqWqpTwGuyEmkakvhdbf1uGittyis,,,,,,,,,0,0,0,365,,0,0,null,null,0,0,0,0,0,,,0,0,0,0,0,0,0
Fxy5kBVgQfSyeCp8EkvuhjJumLe13cq87bTbYmjtwz7k,,,,,,,,,0,0,0,0,,0,6482,null,null,0,0,0,0,0,,,0,0,0,0,0,0,0
FxZ211rgVDwnsA5JeumPGh1tEFRpyZTvBddcXKxFKQNS,,,,,,,,,0,0,0,0,,0,0,null,null,0,0,0,0,0,,,0,0,0,0,0,0,0
Fywb7YDCXxtD7pNKThJ36CAtVe23dEeEPf7HqKzJs1VG,,,,,,,,,0,0,33334,198871.499976,,0,0,null,null,0,0,0,0,0,,,0,0,0,0,0,0,0
G2mZqeHFoEtQC6z5vrVETikfaFXYv7tBzS9Qqq2Rdyyy,,,,,,,,,0,0,1247,518,,0,3253,null,null,0,0,0,0,0,,,0,0,0,0,0,0,0
G2rqmZe26tQ4S5UZM8eTsaTcAaGy8BUDhS9Lr3p1G1VD,,,,,,,,,0,0,29122,865,,0,12485,null,null,0,0,0,0,0,,,0,0,0,0,0,0,0
G4dBM91SDhXpPJm3ZY5jEJQfoXAaYLQpZgTwqS4BQfzV,,,,,,,,,0,0,0,11334,,0,0,null,null,0,0,0,0,0,,,0,0,0,0,0,0,0
G9ZUtLKZj6twzutMS1QPYSLoxSvAu4qZpNpBxqFLv2Er,,,,,,,,,0,0,27866,4900,,0,4900,null,null,0,0,0,0,0,,,0,0,0,0,0,0,0
GADm41oZzno47qXZbQRZMb4HfJ4ytzFsiu9HUma2Kzn8,,,,,,,,,0,0,0,1105,,0,6270,null,null,0,0,0,0,0,,,0,0,0,0,0,0,0
GadrUMEEnK8sw2HvpdbgHNt2ZZxh3GVmWUxYSndTWgkP,,,,,,,,,0,0,0,1215,,0,0,null,null,0,0,0,0,0,,,0,0,0,0,0,0,0
GDqRhkTEaUohLcsRJgdccQugH6xPvWnc6xEiADEZmapu,,,,,,,,,0,0,30655,4020,,0,0,null,null,0,0,0,0,0,,,0,0,0,0,0,0,0
GFefRR6EASXvnphnJApp2PRH1wF1B5pJijKBZGFzq1x1,,,,,,,,,0,0,0,0,,0,0,null,null,0,0,0,0,0,,,0,0,0,0,0,0,0
GfLmR62rWWswSr3QZkJRgCpg9sRvz7X4uWZkdVsgxQuZ,,,,,,,,,0,0,0,65959,,0,0,null,null,0,0,0,0,0,,,0,0,0,0,0,0,0
GgnepE7qk1PUXef7aLd9wXrDghA1AWM7m2gsYfu2p6uo,,,,,,,,,0,0,6360,1795,,0,960,null,null,0,0,0,0,0,,,0,0,0,0,0,0,0
GgqdBKXDj9d4yMFjdHHQycqdQZGkd6C7pvEBUiiMhEWo,,,,,,,,,0,0,0,1010,,0,0,null,null,0,0,0,0,0,,,0,0,0,0,0,0,0
GGqieUyW18ZForVxhYs6dttUVGELhATX6Hoj2KVTXvxK,,,,,,,,,0,0,0,21723,,0,0,null,null,0,0,0,0,0,,,0,0,0,0,0,0,0
GgvJGJDSJxyi1vbb8aGeZJzK1j3gRhHDsrEWGEdkjaPE,,,,,,,,,0,0,5771,510,,0,510,null,null,0,0,0,0,0,,,0,0,0,0,0,0,0
GH6FqGgFbdeYHiTXqVxdxKWY6YBA1pUSw5viiMWNfUSa,,,,,,,,,0,0,0,0,,0,443,null,null,0,0,0,0,0,,,0,0,0,0,0,0,0
GHButkeFdeLvY1LbvvFJjGj2LbUoFRw1ALpJ4n4dSQtq,,,,,,,,,0,0,0,6480,,0,0,null,null,0,0,0,0,0,,,0,0,0,0,0,0,0
GhXKgMtTFyzvXfnPae6p7vL9SsSdvwnniqF79qWf67eS,,,,,,,,,0,0,0,55,,0,0,null,null,0,0,0,0,0,,,0,0,0,0,0,0,0
GmRC6EhKtBEcKM1bjCBzamWDy3qmP5z2Kc9tYjQuc2Pn,,,,,,,,,0,0,0,0,,0,0,null,null,0,0,0,0,0,,,0,0,0,0,0,0,0
GmzqsoTC1XyWHkJe79skc49Ed5FynKZSSJh3d2z1Zqch,,,,,,,,,0,0,0,1100,,0,0,null,null,0,0,0,0,0,,,0,0,0,0,0,0,0
govvJmmaiTEiXfHuALVXq6WbkyY1KZpZo5DCuMyY1mi,,,,,,,,,0,0,0,0,,0,1,null,null,0,0,0,0,0,,,0,0,0,0,0,0,0
GPXiHb4tKGX9zntTmcLipujndnN8ZB6bVSHjLHagMbyc,,,,,,,,,0,0,0,27813,0,0,20000,null,null,0,0,0,0,0,,,0,0,0,0,0,0,0
Gq7fPzML38eX6tSedGqCMhmbw7WsaSEYoEZM3BucjZh8,,,,,,,,,0,0,0,0,,0,0,null,null,0,0,0,0,0,,,0,0,0,0,0,0,0
GQFSF6rj3vBrSEaa9C5nhSnfqyh2MBMrdqkRATAoieV2,,,,,,,,,0,0,0,225,,0,1276,null,null,0,0,0,0,0,,,0,0,0,0,0,0,0
GrapevviL94JZRiZwn2LjpWtmDacXU8QhAJvzpUMMFdL,,,,,,,,,0,0,0,0,,0,1,null,null,0,0,0,0,0,,,0,0,0,0,0,0,0
Grs77yYASLnFQ7FPTsD1oP7cSWA6Pa1cKKvEmTkEvtF5,,,,,,,,,0,0,0,0,,0,64,null,null,0,0,0,0,0,,,0,0,0,0,0,0,0
GryCY2q2uSJEL783nW9w48rXb4x9q9irFsLAqaPzkmWb,,,,,,,,,0,0,0,0,,0,0,null,null,0,0,0,0,0,,,0,0,0,0,0,0,0
GryX8ViwN3fUUptcp5zXsxNJGGzLMuTSTYxWuzHFFCtV,,,,,,,,,0,0,0,2250,,0,0,null,null,0,0,0,0,0,,,0,0,0,0,0,0,0
GSzMEHSSk9BHjymGt6zXWsKSAFeVryuw13pazARcBMb5,,,,,,,,,0,0,6500,3008,,0,4665,null,null,0,0,0,0,0,,,0,0,0,0,0,0,0
GTQx3jDouSoypv8FrmY4Goiv3PBZmxfxJZinz5AXkgzK,,,,,,,,,0,0,8564,4834,,0,105470,null,null,0,0,0,0,0,,,0,0,0,0,0,0,0
GuyYF51HpurMsdDzZs3wK1xpr1MEDva8rLEdUQjH7Gue,,,,,,,,,0,0,4,0,,0,2900,null,null,0,0,0,0,0,,,0,0,0,0,0,0,0
GVE4V7qp9Ym5y4kiEpZd6iTmGTzK1dCmkzmuZufoCt7s,,,,,,,,,0,0,0,7125,,0,0,null,null,0,0,0,0,0,,,0,0,0,0,0,0,0
GwgEND5VQdy8PpeUyzXp8riQBXkQTyDUHNDTzWH64jR9,,,,,,,,,0,0,48,0,,0,0,null,null,0,0,0,0,0,,,0,0,0,0,0,0,0
GxRK5RAbP9JHaJbtwPqks2XwAbYbo1c1pEMperZc31JU,,,,,,,,,0,0,0,8640,,0,0,null,null,0,0,0,0,0,,,0,0,0,0,0,0,0
GyrzWsvsPYmnJ2ZSpxu6tJvFZR3q2jixuCgBJsdtm9kA,,,,,,,,,0,0,0,840,,0,6807,null,null,0,0,0,0,0,,,0,0,0,0,0,0,0
GyzFBG1YY3oNG8fL4uUfh97emZ7xJVQbtmyMMxjHPUwc,,,,,,,,,0,0,2191,415,,0,0,null,null,0,0,0,0,0,,,0,0,0,0,0,0,0
H14gzn6mMyTBJLgr2JmFaLn5mWkQHM3hGJXj3xhTb1Cs,,,,,,,,,0,0,0,29785,,0,0,null,null,0,0,0,0,0,,,0,0,0,0,0,0,0
H4y3fs9N3LPqmCZNFTm9KiJM2xgtEkHzjdMvWDqdjrUU,,,,,,,,,0,0,0,0,,0,0,null,null,0,0,0,0,0,,,0,0,0,0,0,0,0
H6S9znd4mWtz3ug5wMt4yAzekKscbCfYkskCrc6y8uRr,,,,,,,,,0,0,10108,2870,,0,2335,null,null,0,0,0,0,0,,,0,0,0,0,0,0,0
HA7WVkEXFpdBGZVK76Hene1tv7rFWwYgesVWtTDdcJLm,,,,,,,,,0,0,26,0,,0,0,null,null,0,0,0,0,0,,,0,0,0,0,0,0,0
HankoyY7vE5keFTcnRuLDctHXH8W6Aq9qA84513GZnr9,,,,,,,,,0,0,332,0,,0,2900,null,null,0,0,0,0,0,,,0,0,0,0,0,0,0
Hc1vMPoSid9jQhuc4WBoFzpqbWCCNoKkLGLCo9MThLQF,,,,,,,,,0,0,0,4405,,0,0,null,null,0,0,0,0,0,,,0,0,0,0,0,0,0
HDdW6JWkCKqzU4v8Z1PxBMh5etEdz5wjJyCKoT9Cp6uJ,,,,,,,,,0,0,1000,1100,,0,3000,null,null,0,0,0,0,0,,,0,0,0,0,0,0,0
HDfZHgXeEyDMCT6TEepeeUBVJQE8iLTvmVFoXG2uHdXs,,,,,,,,,0,0,0,2425,,0,0,null,null,0,0,0,0,0,,,0,0,0,0,0,0,0
HE6kjuQiNeKD2Lpt3ebmGxucVLYprzssBzH1qWL1ugp5,,,,,,,,,0,0,8750,29166.66,,0,20417,null,null,0,0,0,0,0,,,0,0,0,0,0,0,0
Hew6XJcEjQAx2Pi4GWogr68dmbST24g9xtumKBqvhkdL,,,,,,,,,0,0,0,3355,0,0,54449,null,null,0,0,0,0,0,,,0,0,0,0,0,0,0
HfW97Lwm186yH9WWaq1RF322nVyn8vVmhSgy92bjBZkt,,,,,,,,,0,0,0,6150,,0,0,null,null,0,0,0,0,0,,,0,0,0,0,0,0,0
HG8eoaqenR3MKvBqtVnoaXqaGwKgkV91eoxCcWg4YDcb,,,,,,,,,0,0,29898,5925,,0,865,null,null,0,0,0,0,0,,,0,0,0,0,0,0,0
HgAiPhtDfQnDRvuCnhePP3VFKd31i6EVAqFnQi9bjbEu,,,,,,,,,0,0,0,1105,,0,6206,null,null,0,0,0,0,0,,,0,0,0,0,0,0,0
HHYHaJNDkJq7rdfCMgMizA7rPJ1AW9Qd9X2nEiXYBJz6,,,,,,,,,0,0,0,0,,0,0,null,null,0,0,0,0,0,,,0,0,0,0,0,0,0
Hjbf2kgBEzHf6j4bRZ4DDaVXzRhBm8Tr82ttNRLTFuuZ,,,,,,,,,0,0,0,59217.08969900000,,0,1,null,null,0,0,0,0,0,,,0,0,0,0,0,0,0
HKYT5tK9DWj2icRcQdHJ475UdhVy17RPpX7UkYFsTNxx,,,,,,,,,0,0,0,3305,,0,0,null,null,0,0,0,0,0,,,0,0,0,0,0,0,0
HLAKLNXSqNZskku5EcvkeVi87cyatnYmQDh8jn3XcypC,,,,,,,,,0,0,6321,2100,,0,1210,null,null,0,0,0,0,0,,,0,0,0,0,0,0,0
HLCjkBicUNh3f8o4ZLzTnmXqu4VDzwLbJKi78GvUqibZ,,,,,,,,,0,0,0,0,,0,0,null,null,0,0,0,0,0,,,0,0,0,0,0,0,0
Hn8FdKHpqTMBRgenbqKKHr5z2Hn1V9dekXGiWU7d1KR6,,,,,,,,,0,0,35517,8829,,0,0,null,null,0,0,0,0,0,,,0,0,0,0,0,0,0
HnUZo13Ncb9Xx4nuVnLcnkSDvPR5vfMRbbQJySoUQBof,,,,,,,,,0,0,0,1100,,0,0,null,null,0,0,0,0,0,,,0,0,0,0,0,0,0
HpA5UXUih1XL3KY2Hbq7Aay2xu8ZJZYMZiQCdhkXGRMB,,,,,,,,,0,0,0,1105,,0,0,null,null,0,0,0,0,0,,,0,0,0,0,0,0,0
HTe1Hfi6zAjLcCjyaox7fTvjPnXvqjKna9BT3h45BDKa,,,,,,,,,0,0,0,1100,,0,0,null,null,0,0,0,0,0,,,0,0,0,0,0,0,0
HvB2jZLsM1em4DDkze4Lmncetk5NNdMS5tYAxe4khery,,,,,,,,,0,0,0,55,,0,0,null,null,0,0,0,0,0,,,0,0,0,0,0,0,0
HWjuUSLmPmiUYJHs2AH1nr9JZH7vcPhqQpDa6KBVA2fS,,,,,,,,,0,0,1800,16025,,0,145,null,null,0,0,0,0,0,,,0,0,0,0,0,0,0
HxuLXEJuG4MzJanfto1sW32iTnww5i6PM48XsWLtqj9,,,,,,,,,0,0,1,0,,0,0,null,null,0,0,0,0,0,,,0,0,0,0,0,0,0
HYd49gtdF2gRiHDsaHoMpgSm71yFp7ECE5k7S6P7i87C,,,,,,,,,0,0,0,225,,0,1250,null,null,0,0,0,0,0,,,0,0,0,0,0,0,0
Hzbi4V5ZrQKxV8rLwzmSsPgGjLTk3Ka3cz4qEpFx6vTw,,,,,,,,,0,0,0,2100,,0,0,null,null,0,0,0,0,0,,,0,0,0,0,0,0,0
ihvogWuVwPqMtNp3i1DMQ1PiaBruahZxvbVC7S94bVQ,,,,,,,,,0,0,0,0,,0,4,null,null,0,0,0,0,0,,,0,0,0,0,0,0,0
ivnmNRRwgbkNiuW93pFWTL852BRvoB415RSUCEftbZF,,,,,,,,,0,0,0,68497,,0,40072,null,null,0,0,0,0,0,,,0,0,0,0,0,0,0
J1ekBJffrhumo67tx7UtBBQAuNWgoN13FCxDQCKjjjvG,,,,,,,,,0,0,0,60,,0,0,null,null,0,0,0,0,0,,,0,0,0,0,0,0,0
J4yKFnSdfgeDwLJ7u8N9R5NK4sDryVPmbXL2wJci8wbZ,,,,,,,,,0,0,16,270,,0,270,null,null,0,0,0,0,0,,,0,0,0,0,0,0,0
J5qZVbYQFGwTDC6ew3NMYjLgiGwWWEhbjPzmT2y1wztv,,,,,,,,,0,0,11112,1465,,0,1465,null,null,0,0,0,0,0,,,0,0,0,0,0,0,0
J7H8PcofiRvWYwGhhSy9iFbSAaYUu34ovTXXbL2K37tM,,,,,,,,,0,0,450,54505.8125,,0,0,null,null,0,0,0,0,0,,,0,0,0,0,0,0,0
J7rt6hSwN2p9bWiTm783oXoU71GzaVe5KvDuoQTGjNoH,,,,,,,,,0,0,0,4360,,0,10000,null,null,0,0,0,0,0,,,0,0,0,0,0,0,0
JAcKQUTAwpcVn8pBR3xhpNdZQbL8wz4YmTKEK1yoGZHf,,,,,,,,,0,0,5650,1835,,0,2900,null,null,0,0,0,0,0,,,0,0,0,0,0,0,0
JAkdb713Gcdkr75GfAeZjrWocm2jnspeHYXjmExSqhZx,,,,,,,,,0,0,0,0,,0,0,null,null,0,0,0,0,0,,,0,0,0,0,0,0,0
JBXbypS6S8k1fAhwPssXa1SDtUq8KSBCjVhbDZqxsemB,,,,,,,,,0,0,0,4230,,0,0,null,null,0,0,0,0,0,,,0,0,0,0,0,0,0
JCwT943XNmPFqMGgdbkC1sawZALyAcZbptfqAMdGRdNv,,,,,,,,,0,0,0,13157.2,,0,14527,null,null,0,0,0,0,0,,,0,0,0,0,0,0,0
JD4FNyoSa2rALxALvpbHnfGYB7KDqcdNMgTpF1Tw9f9u,,,,,,,,,0,0,0,9130,,0,0,null,null,0,0,0,0,0,,,0,0,0,0,0,0,0
KfxsYDfifaLxH8uQ85tcX8ZCUN4BY8guqxFE1AnkAzu,,,,,,,,,0,0,0,200000,,0,0,null,null,0,0,0,0,0,,,0,0,0,0,0,0,0
Krw1qTDKuu7AKdCZBz4FRhBj6136yKD2YkrnUUuG9XU,,,,,,,,,0,0,0,20548.1875,,0,0,null,null,0,0,0,0,0,,,0,0,0,0,0,0,0
L6oTBZ49iLtt6pib8RpozoZb1V37dRtdbh1NZYaqF81,,,,,,,,,0,0,0,0,,0,0,null,null,0,0,0,0,0,,,0,0,0,0,0,0,0
MAZt9R5E8BywXCDJXs6jz31dcntasEGJ4LQ1QtdDH13,,,,,,,,,0,0,0,17630,,0,0,null,null,0,0,0,0,0,,,0,0,0,0,0,0,0
mrvFNk4VCmFdqKKL4TVpqbBSGA4q2v2AvixT4MsHFga,,,,,,,,,0,0,102,0,,0,100,null,null,0,0,0,0,0,,,0,0,0,0,0,0,0
Nx7HfzNhpThxWbGieb2UuzioSqi6czoCu5BUQJzncXb,,,,,,,,,0,0,0,0,,0,0,null,null,0,0,0,0,0,,,0,0,0,0,0,0,0
NYApdCfTnpf23ZPgDKuGy7BfjHLrSdij14m3EKKrvVx,,,,,,,,,0,0,0,100,,0,0,null,null,0,0,0,0,0,,,0,0,0,0,0,0,0
PzHMB8WqPHZJ2hxHGx1nqiLrVrsf9DkGa3RwVYvzWHt,,,,,,,,,0,0,0,35552,,0,0,null,null,0,0,0,0,0,,,0,0,0,0,0,0,0
Qrw6y2DiogvivGah9Dj9BuDu8Cr7qxCRUEh63Z1dmpv,,,,,,,,,0,0,235627,27396.000000000000,,0,0,null,null,0,0,0,0,0,,,0,0,0,0,0,0,0
rxeTLDCNnk2NFKfbpgfr2zMR8Q9wwKhrvttToptBTAP,,,,,,,,,0,0,839193,618369.285004,,0,227247,null,null,0,0,0,0,0,,,0,0,0,0,0,0,128713
tD5cbD1CbF1yPkg5vSEAgY65K9HZBuSWhaXM74k6NMQ,,,,,,,,,0,0,0,51871.394693,,0,0,null,null,0,0,0,0,0,,,0,0,0,0,0,0,0
vQ9M3TbssHuxynha2VNCpinQG1qqhj9DB6hNb7Vmupi,,,,,,,,,0,0,0,4330,,0,0,null,null,0,0,0,0,0,,,0,0,0,0,0,0,0
VVHYnG3fb96YQeZCf7a4nTNr22dX8VveUZqENbuHwAi,,,,,,,,,0,0,0,17847.3125,,0,0,null,null,0,0,0,0,0,,,0,0,0,0,0,0,0
W9N49X5Fg629TEtQZuEo88M5Vj4DbM9DTz6nCW93izJ,,,,,,,,,0,0,0,0,,0,0,null,null,0,0,0,0,0,,,0,0,0,0,0,0,0
wUPaQBrjwSDzqPbUHXSLoakMxgX3QuCVpuarkjTxttU,,,,,,,,,0,0,0,5979,,0,0,null,null,0,0,0,0,0,,,0,0,0,0,0,0,0
wwm872RcvN7XwNZBjXLSHfAYrFUATKgkV9v3BewHj5M,,,,,,,,,0,0,0,0,,0,15,null,null,0,0,0,0,0,,,0,0,0,0,0,0,0
XdegqfH9m4yfDxMMTbXa3keo63qxLd3yKad4Dm3aDbw,,,,,,,,,0,0,0,0,,0,0,null,null,0,0,0,0,0,,,0,0,0,0,0,0,0
xhJyLExWG5ka6HwNiYH7Rd41JZBAqBoa44JSDNAeiiA,,,,,,,,,0,0,0,46182,,0,0,null,null,0,0,0,0,0,,,0,0,0,0,0,0,0
yq9utKpjdZdwkEbEacSaMQpzi178DS5yEyJZbci1ZXy,,,,,,,,,0,0,27023,9500,,0,5755,null,null,0,0,0,0,0,,,0,0,0,0,0,0,0
yTa8h1FawMMEB6Ps7ZVQkX49vmKhvpW4xqnz6dW4EqD,,,,,,,,,0,0,0,0,,0,72,null,null,0,0,0,0,0,,,0,0,0,0,0,0,0
YZATLdBDidM7FZpjUhivLxBXiAfwDKdZnGDJYzR75LU,,,,,,,,,0,0,30774,3850,,0,16405,null,null,0,0,0,0,0,,,0,0,0,0,0,0,0