pubkey,totalproposalscreated,communitypropcreatorpassed,depositedvotes,councildepositedvotes,unstakedvotes,firstparticipationdate,lastparticipationdate,totalvotes,totalvotesfor,totalvotesagainst,totalproposalparticipation,totalproposalsfor,totalproposalsagainst,totalcouncilproposalscreated,councilpropcreatorpassed,totalcouncilvotes,totalcouncilvotesfor,totalcouncilvotesagainst,rewards,alltimerewards
73Z1WZL5JsbU5SVh43DCXhf3Dis1F2fx1FqihSm5zKhQ,0,0,0,0,0,null,null,0,0,0,0,0,0,0,0,0,0,0,0,8380
FDw92PNX4FtibvkDm7nd5XJUAg6ChTcVqMaFmG7kQ9JP,4,4,2507811,0,0,1684576822,1687364522,34470869,34470869,0,14,14,0,0,0,0,0,0,125936,275316.500001
CFjge9uufEyF8Tz1kz9mvAL8VnxWJBXQv81JH599WtuF,0,0,0,0,34,null,null,0,0,0,0,0,0,0,0,0,0,0,0,0
8jhxB5SUMBkLWtyiaJfEds78vsLstVnhysf7gofLLg43,0,0,0,0,0,null,null,0,0,0,0,0,0,0,0,0,0,0,0,225
5cvX5RGXCbX12Rso1UCTFFDdzgN9W7jMTHCDzKAthmuo,0,0,33344,0,0,1685294598,1687289398,233408,200064,33344,7,6,1,0,0,0,0,0,4989,29242
9odBX3hiSVBG8VYacAPEhqTjVY3aCCpkFz2RiFaRA3uR,0,0,350141,0,4989,1685481673,1687099823,1050423,0,1050423,3,0,3,0,0,0,0,0,4989,56439
AksHjbcNDLYwerSJDSwN62xMoR2oCbPy4LTZoxb1rBot,0,0,0,0,1420,null,null,0,0,0,0,0,0,0,0,0,0,0,0,22955
FuXhp8cXQ6kWWipLjyTi1DxPcp2Vo6441VmBz2fbo4sx,0,0,0,0,0,null,null,0,0,0,0,0,0,0,0,0,0,0,0,0
6DADojjAUEPWnPWAKbdwnNLRCEWfqzdcSCUiZCSjyC8D,0,0,0,0,0,null,null,0,0,0,0,0,0,0,0,0,0,0,0,55
7XRMVGHZdAu2vMaY1wG3SNFSua9PaN5dxNN1iokZ5tSx,0,0,0,0,103,null,null,0,0,0,0,0,0,0,0,0,0,0,0,835
FP5knkMJKxqM7YiLMxyyRowuegaNsEGghbMmW4zat9EW,0,0,52373,0,2609,1687099823,1687099823,52373,52373,0,1,1,0,0,0,0,0,0,2609,45648
Cq6PxbiSUTpgoWpG2hSJYG6oF6pkGCGx2Ni35AVBTqkC,0,0,0,0,3129,null,null,0,0,0,0,0,0,0,0,0,0,0,0,465
CcgJm67J2QH433jm9FMhLJg66qZXN36m13otScKfy1mU,0,0,0,0,0,null,null,0,0,0,0,0,0,0,0,0,0,0,0,43852.739631
E9sYvLtary49LMDPxrGk9Vu9BqppdoU8qeW1ByPAdU6z,0,0,2,0,0,null,null,0,0,0,0,0,0,0,0,0,0,0,0,0
5ANdHqaZsiy82bhgfQ771H74b6SFyRaj6Cfw2vjCDbrN,0,0,1691,0,0,null,null,0,0,0,0,0,0,0,0,0,0,0,0,520
3PPjZVCpJw4YA7Z918aux6uNwbMuK9EXtjv9nwwSR1bF,0,0,117,0,0,null,null,0,0,0,0,0,0,0,0,0,0,0,0,0
7pPJt2xoEoPy8x8Hf2D6U6oLfNa5uKmHHRwkENVoaxmA,0,0,1472388,0,0,1685294598,1686362943,2944776,2944776,0,2,2,0,0,0,0,0,0,4989,283902.57000700006
4DGGdhtbD5G6FN33kiPE4ddr28z7jJmHT8AUBUUM86AQ,0,0,0,0,1788,null,null,0,0,0,0,0,0,0,0,0,0,0,0,225
96YK8Q7vDVvZAZUwkKNqYajwP4BfHw3Q5oT33w9YMLdj,0,0,226,0,0,null,null,0,0,0,0,0,0,0,0,0,0,0,0,0
A4zJGA5enYes3xjmz6h4mFe2Joojwn2ybf6v2ZKUSTAX,0,0,0,0,0,null,null,0,0,0,0,0,0,0,0,0,0,0,0,76477.50001599999
2BD785THVpxGZqufB7NUgYC6zELD6dpiuqt19PCki1U6,0,0,0,0,0,null,null,0,0,0,0,0,0,0,0,0,0,0,0,0
5u6smEjMFFNdmb7oBauLA3j4ZcEnC5tzc2mrh6Dh5wLj,0,0,1830,0,1270,null,null,0,0,0,0,0,0,0,0,0,0,0,0,10134.62799
911Wg8TP44ZLYtBXna3hz6k9Q4kYZzDHh24LTijo2TKS,0,0,0,0,0,null,null,0,0,0,0,0,0,0,0,0,0,0,0,0
GQFSF6rj3vBrSEaa9C5nhSnfqyh2MBMrdqkRATAoieV2,0,0,0,0,1276,null,null,0,0,0,0,0,0,0,0,0,0,0,0,225
5kKNvp9KSAC7fdGS9GawaV4XVEtMgrSnt3M32X7pYz7A,0,0,1729,0,3310,null,null,0,0,0,0,0,0,0,0,0,0,0,0,465
5EWZJyrBXCmxdr8S6d5k9xTdTcUoVidoiU1UUF9CdB7g,0,0,499,0,2609,null,null,0,0,0,0,0,0,0,0,0,0,0,2609,122580.312501
MAZt9R5E8BywXCDJXs6jz31dcntasEGJ4LQ1QtdDH13,0,0,0,0,0,null,null,0,0,0,0,0,0,0,0,0,0,0,0,17630
B3D8Wywdr4ncQWjGg93Uy1VfgXsLVuXawEdhrJWCg7WT,0,0,0,0,4,null,null,0,0,0,0,0,0,0,0,0,0,0,0,67680.286709
Dn7KxU39JYhJ2uD8gTmuNN3mKhypzJvG4EqiU6gfPMsY,0,0,0,0,0,null,null,0,0,0,0,0,0,0,0,0,0,0,0,2785
96tq9QEc8qhyy7g5iA97SH8N1T9cMXAMQN6C2ycDcrm5,0,0,22,0,0,null,null,0,0,0,0,0,0,0,0,0,0,0,0,0
C5q4tYiDzjJnikeVTBKFV3Xqp9eQ3jhZ6U4Esgrnuxih,0,0,0,0,0,null,null,0,0,0,0,0,0,0,0,0,0,0,0,0
D727PgWtzMMQnDiUqPA5BhrcC1HCyshegKqFK5wseAcE,0,0,0,0,0,null,null,0,0,0,0,0,0,0,0,0,0,0,0,320
4NH36qXE39t8ovfdfrT9pdpJYouJ5tYah9qajuHQQqoB,0,0,0,0,0,null,null,0,0,0,0,0,0,0,0,0,0,0,0,2090
2YxHRtQJ914rQkxqyFYC1VxfpJWMZHLqc7SAMPVjipRv,0,0,0,0,0,null,null,0,0,0,0,0,0,0,0,0,0,0,0,1100
DRPeMowpMdNNLzmsq6TydXPiMUosLAgtcJGmxPAVDNYA,0,0,10,0,0,1684954550,1684954550,10,10,0,1,1,0,0,0,0,0,0,0,48072
3K5o38rp2xswi4wuHSmmdqQbFd4btDyMzoSBfX4DDuw7,0,0,0,0,11475,null,null,0,0,0,0,0,0,0,0,0,0,0,0,29784.1875
Hzbi4V5ZrQKxV8rLwzmSsPgGjLTk3Ka3cz4qEpFx6vTw,0,0,0,0,0,null,null,0,0,0,0,0,0,0,0,0,0,0,0,2100
8Q5KkYJR1e7Zo1fF8sUm61UH1HrnV4sT3p853WKPWLQj,0,0,0,0,444,null,null,0,0,0,0,0,0,0,0,0,0,0,0,40292.500003999994
GmzqsoTC1XyWHkJe79skc49Ed5FynKZSSJh3d2z1Zqch,0,0,0,0,0,null,null,0,0,0,0,0,0,0,0,0,0,0,0,1100
Tqv1mTQv8KD4qFPyjobbFnYD7Av2NpNCc96fEYdFAbw,0,0,102304,0,43600,null,null,0,0,0,0,0,0,0,0,0,0,0,0,22121.715001000004
HLAKLNXSqNZskku5EcvkeVi87cyatnYmQDh8jn3XcypC,0,0,6321,0,1210,null,null,0,0,0,0,0,0,0,0,0,0,0,0,2100
HDfZHgXeEyDMCT6TEepeeUBVJQE8iLTvmVFoXG2uHdXs,0,0,0,0,0,null,null,0,0,0,0,0,0,0,0,0,0,0,0,2425
7gLx38a9pdfaQufmHvv4cPhgtSeyfbccty9p5CpTZaZA,0,0,46,0,147,null,null,0,0,0,0,0,0,0,0,0,0,0,0,0
4SwCmGSQWMZRdtZec2QVGxup48AFDotAhymEux5Ks2gi,0,0,0,0,0,null,null,0,0,0,0,0,0,0,0,0,0,0,0,0
5xZsowohCtUqCPNwiuPbLYjMGsUqPmMQESwLxXJnryHW,0,0,0,0,0,null,null,0,0,0,0,0,0,0,0,0,0,0,0,110
By7UySnEdV1wgady2acLZemc4H3B1eUQTTW5n8wiZjpG,0,0,76800,0,0,1685294598,1687099823,153600,153600,0,2,2,0,0,0,0,0,0,0,9285
5cpg72CPjpLWy5rwEhhr8KgyPHLUts82WZ1iLoCd4xBg,0,0,0,0,0,null,null,0,0,0,0,0,0,0,0,0,0,0,0,110
AM7Quc1ppXUpgHXhWr5mXJVXoyAaTcY5942ULPMaDR8q,0,0,0,0,0,null,null,0,0,0,0,0,0,0,0,0,0,0,0,4405
xhJyLExWG5ka6HwNiYH7Rd41JZBAqBoa44JSDNAeiiA,0,0,0,0,0,null,null,0,0,0,0,0,0,0,0,0,0,0,0,46182
5pJ89aofV4nP5eaJfpvvChkuce7NEUQVf31ckLCXTymg,0,0,0,0,79792,null,null,0,0,0,0,0,0,0,0,0,0,0,0,11330
248r9HpcRbJWNLWAgxzkdvH9a3Sw29mcKsxHAqxo75fA,0,0,601969,1,0,1684576822,1687130916,2950107,2950107,0,6,6,0,0,0,1,1,0,29869,147276.25
8djD77wbxqJCCesESU7EgPJsk4tq7KGDi5EQgXon6H49,0,0,0,0,0,null,null,0,0,0,0,0,0,0,0,0,0,0,0,7405
Hew6XJcEjQAx2Pi4GWogr68dmbST24g9xtumKBqvhkdL,0,0,0,0,54449,null,null,0,0,0,0,0,0,0,0,0,0,0,0,3355
61ZsQ6ruqSCiyhMPCYPLoPekxekQfrb7VqWDTnUnVPfS,0,0,0,0,0,null,null,0,0,0,0,0,0,0,0,0,0,0,0,0
AKXcMJWahV5J4FUbXiMuobr6QTVg6D4cZxHoCqwc7AoP,0,0,0,0,8509,null,null,0,0,0,0,0,0,0,0,0,0,0,0,165
Hjbf2kgBEzHf6j4bRZ4DDaVXzRhBm8Tr82ttNRLTFuuZ,0,0,60003,0,0,null,null,0,0,0,0,0,0,0,0,0,0,0,0,59217.08969899998
55RPYGrfzaBctai7nSw2QgoJL3bMzKvihtiDpVcJLFWe,0,0,0,0,0,null,null,0,0,0,0,0,0,0,0,0,0,0,0,470
HDdW6JWkCKqzU4v8Z1PxBMh5etEdz5wjJyCKoT9Cp6uJ,0,0,1000,0,3000,null,null,0,0,0,0,0,0,0,0,0,0,0,0,1100
PzHMB8WqPHZJ2hxHGx1nqiLrVrsf9DkGa3RwVYvzWHt,0,0,0,0,0,null,null,0,0,0,0,0,0,0,0,0,0,0,0,35552
F4RncFEP3r6sQojn1KVF2ya6FoZkyLV3Gyg5Taw1UYXR,0,0,1160,0,9035,null,null,0,0,0,0,0,0,0,0,0,0,0,0,370
E6R3GmKBJNLcV35MctoyWmaLDixsn9pWaGavvixzJAHD,0,0,0,0,1000,null,null,0,0,0,0,0,0,0,0,0,0,0,0,19137.3125
J1ekBJffrhumo67tx7UtBBQAuNWgoN13FCxDQCKjjjvG,0,0,0,0,0,null,null,0,0,0,0,0,0,0,0,0,0,0,0,60
4ULth11nsRntrLb3TjaUHPAr2NWF2jDPWjYEkCkGFcF2,0,0,0,0,0,null,null,0,0,0,0,0,0,0,0,0,0,0,0,55
rxeTLDCNnk2NFKfbpgfr2zMR8Q9wwKhrvttToptBTAP,1,0,700948,0,0,1684576822,1687364522,6972054,6972054,0,11,11,0,0,0,0,0,0,43796,245100.28500400003
7dMskWAgwv4EyQykEbnieDNZs5xDrJN6Ma6LKY5xyd1d,0,0,36903,0,43309,null,null,0,0,0,0,0,0,0,0,0,0,0,2609,13765
J7H8PcofiRvWYwGhhSy9iFbSAaYUu34ovTXXbL2K37tM,0,0,450,0,0,null,null,0,0,0,0,0,0,0,0,0,0,0,0,54505.8125
2RR8BSkEUH9aJuqFJsmRQ7wfBk798oujYSucfhaDtSvx,0,0,0,0,0,null,null,0,0,0,0,0,0,0,0,0,0,0,0,2155
3s4rRVTgANQmssEHR1h2WDsmVVWsx92EgUNzZ9ZHz5zs,0,0,172030,0,0,1685481673,1685481673,172030,172030,0,1,1,0,0,0,0,0,0,0,42256
ABcLyuh9ufZaDy5REzpsZK7bQFbX5kjAmaV8uHgrM22x,0,0,0,0,0,null,null,0,0,0,0,0,0,0,0,0,0,0,0,13475
939AAWDfv2wTpR4qiSU59tyXYV12TrYr8jaxfaQWmydb,0,0,0,0,0,null,null,0,0,0,0,0,0,0,0,0,0,0,0,7764
4AigoHLLzSMuzueRicxeQhK5NqaG1TT9EvpCeAvqn6oY,0,0,0,0,0,null,null,0,0,0,0,0,0,0,0,0,0,0,0,535
BX1Jwuksm2hSwwvQNeRjKK9Sd4qWphQ9ckRTuGsWTaNG,0,0,0,0,0,null,null,0,0,0,0,0,0,0,0,0,0,0,0,1000
52BqCVDfQZ1sxTqymRcuasoKLzAEqYtSNjbb2uVy53fj,0,0,0,0,0,null,null,0,0,0,0,0,0,0,0,0,0,0,0,55
HHYHaJNDkJq7rdfCMgMizA7rPJ1AW9Qd9X2nEiXYBJz6,0,0,0,0,0,null,null,0,0,0,0,0,0,0,0,0,0,0,0,0
3CPrbJewAwqDsU3Pirm8MowDiZKVzRof95G1ZbimaX5t,0,0,0,0,0,null,null,0,0,0,0,0,0,0,0,0,0,0,0,110
9qrKtzr1zX1cgU5NJtSm7ega3RS5v3MpGKUcutYvV444,0,0,0,0,0,null,null,0,0,0,0,0,0,0,0,0,0,0,0,225
29gfXNCjUcepv3dPLhwsZRSHM7WNJ3rGc9GCRY3RQuwA,0,0,0,0,0,null,null,0,0,0,0,0,0,0,0,0,0,0,0,32999
GyrzWsvsPYmnJ2ZSpxu6tJvFZR3q2jixuCgBJsdtm9kA,0,0,0,0,6807,null,null,0,0,0,0,0,0,0,0,0,0,0,0,840
Bgke4TAWbLRebZEHPTYQAbX5juzzMszN941E1cWf1aqV,0,0,325,0,0,null,null,0,0,0,0,0,0,0,0,0,0,0,0,1900
6G8EPXXQJJ2TffR3idAYEFjRJGLpQUoEgMQTdTty38V4,0,0,76786,0,0,1684576822,1687289398,762871,762871,0,10,10,0,0,0,0,0,0,4989,14269
44rSzUMYCpBoTk9jwpPPJqd5KjWepJcdficsUHNgLxgF,0,0,62874,0,0,null,null,0,0,0,0,0,0,0,0,0,0,0,0,43788.000001
3rTbQb6nMwRzrJEdLEEdUK92VpCidsSrowAAZn6pePei,0,0,0,0,0,null,null,0,0,0,0,0,0,0,0,0,0,0,0,55
63teVPvKS7F2PXBiaq5YW43ktGNP4RmuEgYnpPLgesZH,0,0,0,0,2297,null,null,0,0,0,0,0,0,0,0,0,0,0,0,2270
Gq7fPzML38eX6tSedGqCMhmbw7WsaSEYoEZM3BucjZh8,0,0,0,0,0,null,null,0,0,0,0,0,0,0,0,0,0,0,0,0
DmLoxafqPoEcenVtwHVzejZePHzvDroSDSC6FsGCn5ok,0,0,28940,0,27025,1686504517,1686504517,28940,28940,0,1,1,0,0,0,0,0,0,0,4375
8TNsp6Yk6ELrdaYhbbjng1MznVMdV1kvgHiNfK9asekD,0,0,35000,0,4472,1684576822,1684576822,35000,35000,0,1,1,0,0,0,0,0,0,2609,36000
DvubPpEGskB7U4UpswauprWPugKfhMEWnVywrqefgsZg,0,0,0,0,101,null,null,0,0,0,0,0,0,0,0,0,0,0,0,0
EoBCPxSn2N7b8dM1Kq43yYceY83eHxAXXANZE5Ga3cKz,0,0,30262,0,1875,null,null,0,0,0,0,0,0,0,0,0,0,0,0,9500
CinHb6Xt2PnqKUkmhRo9hwUkixCcsH1uviuQqaTxwT9i,0,0,1581129,1,0,1684576822,1684576822,1581129,0,1581129,1,0,1,0,0,0,0,0,0,272098.0141469999
FubSx8FudbtjgnuNk8j9WwAPnPK4XzeN7FNfoBarQFDG,0,0,0,0,0,null,null,0,0,0,0,0,0,0,0,0,0,0,0,0
8UeKyzmVEFCyyQ4nTpeQH128W2n5AQriMynYQGyCWcbm,0,0,1106,0,3105,null,null,0,0,0,0,0,0,0,0,0,0,0,0,260
7ygba6zZNjeDt2PipjaM8m86CsE3YBXeT6zQEW9LdpLK,0,0,0,0,0,null,null,0,0,0,0,0,0,0,0,0,0,0,0,1720
9n2zVy9XfNYCK93jbM2C5BubJ9h1dMftTZFcgsAH8Urn,0,0,1106,0,3155,null,null,0,0,0,0,0,0,0,0,0,0,0,0,310
2DRZFjaKVBfq966o1MLe2AnNkyvhwN8r3uGdhnxTktUR,0,0,87511,0,11620,null,null,0,0,0,0,0,0,0,0,0,0,0,0,7060
GwgEND5VQdy8PpeUyzXp8riQBXkQTyDUHNDTzWH64jR9,0,0,48,0,0,null,null,0,0,0,0,0,0,0,0,0,0,0,0,0
CCftgaVphVAx9r5TGvyKiRTjMkHPJU58x22bnQ9gLoov,0,0,58,0,0,null,null,0,0,0,0,0,0,0,0,0,0,0,0,55
tD5cbD1CbF1yPkg5vSEAgY65K9HZBuSWhaXM74k6NMQ,0,0,0,0,0,null,null,0,0,0,0,0,0,0,0,0,0,0,0,51871.394693
J4yKFnSdfgeDwLJ7u8N9R5NK4sDryVPmbXL2wJci8wbZ,0,0,16,0,270,null,null,0,0,0,0,0,0,0,0,0,0,0,0,270
Fywb7YDCXxtD7pNKThJ36CAtVe23dEeEPf7HqKzJs1VG,0,0,33334,0,0,1684576822,1687130916,366674,133336,233338,11,4,7,0,0,0,0,0,12129,198871.499976
34Wmv58UF8HUmjdcWdCZVU9o7h8N5h2fTozqRwh9mucM,0,0,71503,0,31210,null,null,0,0,0,0,0,0,0,0,0,0,0,0,3405
ihvogWuVwPqMtNp3i1DMQ1PiaBruahZxvbVC7S94bVQ,0,0,0,0,4,null,null,0,0,0,0,0,0,0,0,0,0,0,0,0
7KrTkLQx6gSbYctgxFM4z4aNeNEXPmSVMhKWzRD7otVv,0,0,0,0,0,null,null,0,0,0,0,0,0,0,0,0,0,0,0,1750
2iwXAgFi7z1VVzudXT8r3qHVH9xaJKXr2Pi5kThMpdgm,0,0,0,0,0,null,null,0,0,0,0,0,0,0,0,0,0,0,0,41292.500002
6xKDBhQwYpkHet8bPrucPoDHjn135DZwynDyKVQz2A6m,0,0,0,0,0,null,null,0,0,0,0,0,0,0,0,0,0,0,0,270
AXXRH6NVXjUNxi6GvVWV4Pp6q7k9xkqeqHhRx8sW41TX,0,0,35377,0,18305,null,null,0,0,0,0,0,0,0,0,0,0,0,0,9963
DswUZNJb4HHCYodkwtb3UHkKtLQu95uEapDnQF9sMuEr,0,0,0,0,0,null,null,0,0,0,0,0,0,0,0,0,0,0,0,9275
7FaDRP2acjvWCntY3At1GJ2RdqJttqCLQXJU6qpJzAg7,0,0,1556,0,17440,null,null,0,0,0,0,0,0,0,0,0,0,0,0,1465
8NLRhKiZ6imTuT7yG2GKAGYZCKsJX1R7SwPh6tPFRuTR,0,0,0,0,0,null,null,0,0,0,0,0,0,0,0,0,0,0,0,0
3VeqFy27atzbwhXWu9aa5hc3e5N1yC6sCgRQrivRGjEa,0,0,0,0,0,null,null,0,0,0,0,0,0,0,0,0,0,0,0,10360
21VN2b3spuPxXqoHK95fZo3KujtCQfg6rotgYZY4P72F,0,0,0,0,0,null,null,0,0,0,0,0,0,0,0,0,0,0,0,1100
99NHcwD1iaf5FXM3UNb91SjNiiT3HwyQFQMhkGd5ASts,0,0,0,0,0,null,null,0,0,0,0,0,0,0,0,0,0,0,0,0
727MvuZATPGnd83H87a2MCubzv2DniHnertC4jxKFeDX,0,0,0,0,112117,null,null,0,0,0,0,0,0,0,0,0,0,0,0,7390
6VHKRsV67Hx6zUWdQs8FVNFW7Qb2SBsEd6jqMRD5UVGf,0,0,5752,0,0,null,null,0,0,0,0,0,0,0,0,0,0,0,0,2105
govvJmmaiTEiXfHuALVXq6WbkyY1KZpZo5DCuMyY1mi,0,0,0,0,1,null,null,0,0,0,0,0,0,0,0,0,0,0,0,0
EbVdTBGv5poB8ovWLnDAduh3w7bQMppZjsEaT6KhxAmB,0,0,0,0,0,null,null,0,0,0,0,0,0,0,0,0,0,0,0,59172.49999999999
Krw1qTDKuu7AKdCZBz4FRhBj6136yKD2YkrnUUuG9XU,0,0,0,0,0,null,null,0,0,0,0,0,0,0,0,0,0,0,0,20548.1875
DrEDgXWTBfZbbVNT2ZdvxA5DUZx8CLTteGnsSJaXtZsK,0,0,85963,0,116280,null,null,0,0,0,0,0,0,0,0,0,0,0,0,15330
GmRC6EhKtBEcKM1bjCBzamWDy3qmP5z2Kc9tYjQuc2Pn,0,0,0,0,0,null,null,0,0,0,0,0,0,0,0,0,0,0,0,0
3MsmkPefAd1zbtJtsrrR61pFLmXYGxr3d2BK8wt6QYzK,0,0,0,0,0,null,null,0,0,0,0,0,0,0,0,0,0,0,0,55
4KyEUeNAdXdkJhnpkdx9VhcvrjYiLmAekmwu2sv5ZzKy,0,0,0,0,0,null,null,0,0,0,0,0,0,0,0,0,0,0,0,0
uLfMeRAPVMxs5tprZV9788CrWc7bMY6vuFgjv7aTLAA,0,0,69125,0,0,null,null,0,0,0,0,0,0,0,0,0,0,0,0,8255
8BFan3PdtNHQNLatBrYGttBebUdTuPmxQVDeZPcthbym,0,0,0,0,970,null,null,0,0,0,0,0,0,0,0,0,0,0,0,0
GxRK5RAbP9JHaJbtwPqks2XwAbYbo1c1pEMperZc31JU,0,0,0,0,0,null,null,0,0,0,0,0,0,0,0,0,0,0,0,8640
BZ8uP8aJWg5u1uJ92jsnSu5hHRpDZLYAMDrxJjHrLDXy,0,0,0,0,0,null,null,0,0,0,0,0,0,0,0,0,0,0,0,555
6QyXjmR78n1WBqo5BDYv1mwqeUiWLpLyaYgvBYLA642i,0,0,0,0,0,null,null,0,0,0,0,0,0,0,0,0,0,0,0,0
2xRMvUtr88hLcLkFD1vfSADkQW92S3JxFF2vuV5pVGLr,0,0,0,0,1359,null,null,0,0,0,0,0,0,0,0,0,0,0,0,1220
3PKhzE9wuEkGPHHu2sNCvG86xNtDJduAcyBPXpE6cSNt,0,0,2057929,0,375130,1684576822,1687289398,16463432,10289645,6173787,8,5,3,0,0,0,0,0,9749,409324.210004
9ZeNiDFPTwFkG3ptwBZjMGL2N4djQgxAsU5YB6z2hhHy,0,0,332299,0,55230,null,null,0,0,0,0,0,0,0,0,0,0,0,0,103222.500001
58qtR3YYzMMwhJCj3hoJZeNTMjhT3ymN4AA65LBWgv7V,0,0,0,0,333,null,null,0,0,0,0,0,0,0,0,0,0,0,0,225
7GTDryEQzDhfYDQcFduC2J7StTnkeT2x95MzdJPjjfgt,0,0,1093,0,38079,null,null,0,0,0,0,0,0,0,0,0,0,0,0,260
GhXKgMtTFyzvXfnPae6p7vL9SsSdvwnniqF79qWf67eS,0,0,0,0,0,null,null,0,0,0,0,0,0,0,0,0,0,0,0,55
EZLvwGdGyeks3jQLWeBbjL1uGeGbqb2MYU4157pDP9ch,0,0,330817,0,0,null,null,0,0,0,0,0,0,0,0,0,0,0,9749,232859
9N78qUJMtbJE5739uVuQYtoBR4CR68MDwtpLBFWrCHo4,0,0,0,0,0,null,null,0,0,0,0,0,0,0,0,0,0,0,0,1100
5tVfhJ89YAJsSaiUFBGxvjDQH4UeJB71kqtGpc4kJgio,0,0,0,0,0,null,null,0,0,0,0,0,0,0,0,0,0,0,0,15435
2su7qMHkRNsTEjHdzkHA5hzvA8UohHNoV6JhLsUXms7a,0,0,0,0,0,null,null,0,0,0,0,0,0,0,0,0,0,0,0,465
GADm41oZzno47qXZbQRZMb4HfJ4ytzFsiu9HUma2Kzn8,0,0,0,0,6270,null,null,0,0,0,0,0,0,0,0,0,0,0,0,1105
B4sPLzfPv8ZszXhrbjyf3Yekrq2kY4UwTd8iGQbv2XhJ,4,2,1156717,1,0,1684576822,1687364522,12196604,11338265,858339,14,13,1,2,2,2,2,0,48556,313813.14
9unmKCnBV4uEUtGZk4asvtdxWYqkkKdiwNZCdLgDmFfH,0,0,0,0,0,null,null,0,0,0,0,0,0,0,0,0,0,0,0,0
4befwKLou9y2hMtXwbA2p2fFpqc4jsj4RKp5zUE9XJFv,0,0,0,0,0,null,null,0,0,0,0,0,0,0,0,0,0,0,0,1050
5bkmmuJDZBVNdPeEUFwiDzznBhoMjE4M3CVhEo4VBpA3,0,0,60318,0,7125,null,null,0,0,0,0,0,0,0,0,0,0,0,0,20305
73b1W8yifSpPSDHSnpPZETuPbUTo5rY4T8eTiGCDSHEK,0,0,31,0,0,null,null,0,0,0,0,0,0,0,0,0,0,0,0,1100
3eRpxbaTWx8vS2qKhC4h2aYQXPBzxcG6cFf8xrNdck64,0,0,0,0,0,null,null,0,0,0,0,0,0,0,0,0,0,0,0,0
96Rv5skcWhTmwW1XaGn6DiKv51hnZHgK82oiYHQG5mxF,0,0,0,0,0,null,null,0,0,0,0,0,0,0,0,0,0,0,0,110
8PqQYJDvsow3UGydnnNuwSoPBuJ2QGxT4DrwvRuAyLxJ,0,0,0,0,0,null,null,0,0,0,0,0,0,0,0,0,0,0,0,5405
48vHv57HUz9kMuCfAugobB5reQfFaWKMAzngYmmWeTgE,0,0,0,0,101154,null,null,0,0,0,0,0,0,0,0,0,0,0,0,14380
GuyYF51HpurMsdDzZs3wK1xpr1MEDva8rLEdUQjH7Gue,0,0,4,0,2900,null,null,0,0,0,0,0,0,0,0,0,0,0,0,0
DnkfFnFB8auoDWrmj3fHmYn3oH6XVvAkoHnUH5aAr6KP,0,0,0,0,1112,null,null,0,0,0,0,0,0,0,0,0,0,0,0,55
2X9UKSS1pEdE5Br7zv6wGRLi4f2Tw1jKF6ND7Cn2wJ8z,0,0,0,0,0,null,null,0,0,0,0,0,0,0,0,0,0,0,0,2100
9AX88o1WCF4F6XXWXMRC7YngkcPZchgyhNpZcz54sK4i,0,0,0,0,0,null,null,0,0,0,0,0,0,0,0,0,0,0,0,19389
C1FXJo9uU2fekRjemArrcrbBVvaSwfWaeSJsasDL7N9a,0,0,1875,0,0,null,null,0,0,0,0,0,0,0,0,0,0,0,0,68217.50000100001
HpGHMDw78W96R112EEi2G34eDrz9eh8TQqTj7k4mUfLh,0,0,39819,0,0,1685294598,1686504517,119457,119457,0,3,3,0,0,0,0,0,0,2609,4699
376x43EFbL1ctBg44tyRDgSkJoP6d4SebryTYQsrycAf,0,0,0,0,246,null,null,0,0,0,0,0,0,0,0,0,0,0,0,2197.6000000000004
EZkLrrNcQGFmi5XQwECyR8DZ2syhHRbH3xwunQvqtExA,0,0,0,0,25916,null,null,0,0,0,0,0,0,0,0,0,0,0,0,3205
85KeLnZn4za1G6SZdfxyTQ5zSUgxB5uNwPyAoA1yVCy3,0,0,34530,0,0,null,null,0,0,0,0,0,0,0,0,0,0,0,0,9280
vQ9M3TbssHuxynha2VNCpinQG1qqhj9DB6hNb7Vmupi,0,0,0,0,0,null,null,0,0,0,0,0,0,0,0,0,0,0,0,4330
ADVicLtp6THTd3eUzto5rwM5PEZ9uXy5q6hxgttVRGA2,0,0,22559,0,0,null,null,0,0,0,0,0,0,0,0,0,0,0,0,1325
5rbBvCD4snFicADHJkYMkos4izZLKu2B8HkqHRhA4dMn,0,0,0,0,0,null,null,0,0,0,0,0,0,0,0,0,0,0,0,23830.000001
HvB2jZLsM1em4DDkze4Lmncetk5NNdMS5tYAxe4khery,0,0,0,0,0,null,null,0,0,0,0,0,0,0,0,0,0,0,0,55
3dJwAcXi8DiqhLqsWr2DJYRwQZbFjR7APvXM5pEcy6fj,0,0,31649,0,2900,null,null,0,0,0,0,0,0,0,0,0,0,0,0,10330
F11eNdMU6v4aDaoqJAPHNfqoKJaKzqDbY3sTBSVwKo1d,0,0,143508,0,0,1685294598,1686504517,430524,430524,0,3,3,0,0,0,0,0,0,2609,27830
HgAiPhtDfQnDRvuCnhePP3VFKd31i6EVAqFnQi9bjbEu,0,0,0,0,6206,null,null,0,0,0,0,0,0,0,0,0,0,0,0,1105
9SXAsCuQdibQAcrEseGg7T7EcKUvBaTseBjUo2MoYYfj,0,0,32930,0,2900,null,null,0,0,0,0,0,0,0,0,0,0,0,0,10330
AgVeUhKJVx2PT9mULNWdCcUxpmC1gQmmCGqsiDtrPyqC,0,0,0,0,0,null,null,0,0,0,0,0,0,0,0,0,0,0,0,4350
3WWaoAnxma1NVfovPTDZMAUGB1oHpZyPQENJYwQdWX5T,0,0,0,0,0,null,null,0,0,0,0,0,0,0,0,0,0,0,0,835
5cShNqx2E54RJK49myPhE757RJAEgnGKcbRqPVW4nwjC,0,0,22138,0,9880,null,null,0,0,0,0,0,0,0,0,0,0,0,0,6980
GGqieUyW18ZForVxhYs6dttUVGELhATX6Hoj2KVTXvxK,0,0,0,0,0,null,null,0,0,0,0,0,0,0,0,0,0,0,0,20823
CAP3AmvvUSTHXG7imdHf31d6kNMJ84uos8Ro4AbhKWHS,0,0,306108,0,0,1684576822,1687289398,3143389,3143389,0,11,11,0,0,0,0,0,0,7369,32167
BXokbUFNAGupNhuczvFDCS2BaXChnCvpCFB7qSJErH4f,0,0,1000,0,100,null,null,0,0,0,0,0,0,0,0,0,0,0,0,1100
8DMtJy1QLnkXDmfqQcfwBkTY4jF2EPSUVUEKkVLMkQ9R,0,0,0,0,1265,null,null,0,0,0,0,0,0,0,0,0,0,0,0,170
BSSumCtyz2vN9ghjW9CPhiGhbC1211QXynN5sNTmE2Wt,0,0,0,0,0,null,null,0,0,0,0,0,0,0,0,0,0,0,0,270
3nH5zTa2d16Z2TQmkohQvyvPJizQuuMHKaaaNDxiwXnM,0,0,0,0,7419,null,null,0,0,0,0,0,0,0,0,0,0,0,0,1885
3H6mb7Sm2CQ1Jfh3fA8gMsYSv4g7pVg1LGg6wqsMYWqp,0,0,62,0,2900,null,null,0,0,0,0,0,0,0,0,0,0,0,0,0
AEMDocDf1WexMhMgCNEX24Ubm2NNs9F9bhCuLSYv8v2k,0,0,0,0,0,null,null,0,0,0,0,0,0,0,0,0,0,0,0,425
9kEdofySaznFida6DxoNcbMNMhJmkT1F1mXUTakLtS6B,0,0,0,0,0,null,null,0,0,0,0,0,0,0,0,0,0,0,0,1100
Grs77yYASLnFQ7FPTsD1oP7cSWA6Pa1cKKvEmTkEvtF5,0,0,0,0,64,null,null,0,0,0,0,0,0,0,0,0,0,0,0,0
3cx9UxeRyUH4r7mweHFfgHELEUS2GBiFAXyy5auWrRDZ,0,0,23806,0,15845,null,null,0,0,0,0,0,0,0,0,0,0,0,0,11330
5RykoH1ZLoeAcbJx99dmC4gtqz7GxjJCXzfoAfxsDy7u,0,0,0,0,0,null,null,0,0,0,0,0,0,0,0,0,0,0,0,9355
9A7SSedx9mGi2qsgDaEKWc3dLPDCznpNcM6PfsDjdui5,0,0,0,0,0,null,null,0,0,0,0,0,0,0,0,0,0,0,0,35631
5s4KyZSCExZVRPg579FBTLARtpxteJf9k5UoQpsaPvoz,0,0,0,0,231,null,null,0,0,0,0,0,0,0,0,0,0,0,0,0
GHButkeFdeLvY1LbvvFJjGj2LbUoFRw1ALpJ4n4dSQtq,0,0,0,0,0,null,null,0,0,0,0,0,0,0,0,0,0,0,0,6480
Hc1vMPoSid9jQhuc4WBoFzpqbWCCNoKkLGLCo9MThLQF,0,0,0,0,0,null,null,0,0,0,0,0,0,0,0,0,0,0,0,4405
B4WMyWAuTsXnYPNMyzoWXHKUihNPbaYTm5hpzEJsmtmy,0,0,273,0,12812,null,null,0,0,0,0,0,0,0,0,0,0,0,0,1660
AzdqxbTury9ygNmPuWFBhZbG4u8okaB74q3FrodowAF6,0,0,0,0,0,null,null,0,0,0,0,0,0,0,0,0,0,0,0,1610
5Zf8CSgQ131jwa4qQsM8movVARftF8XDGjL3LeWxdPr8,0,0,0,0,0,null,null,0,0,0,0,0,0,0,0,0,0,0,0,4167
HG8eoaqenR3MKvBqtVnoaXqaGwKgkV91eoxCcWg4YDcb,0,0,29898,0,865,null,null,0,0,0,0,0,0,0,0,0,0,0,0,5925
3owSReeJeiYSZSM6GLC64kpiuRTMtKkm1Zh1DnJ25v5Z,0,0,24387,0,39400,null,null,0,0,0,0,0,0,0,0,0,0,0,0,5925
BsFR3oxtQfRb3PfFwRYMv8uYUo2WmicTAEm1sZDaUE6c,0,0,0,0,0,null,null,0,0,0,0,0,0,0,0,0,0,0,0,110
HWjuUSLmPmiUYJHs2AH1nr9JZH7vcPhqQpDa6KBVA2fS,0,0,1800,0,145,null,null,0,0,0,0,0,0,0,0,0,0,0,0,16025
D1etH3Mtd5nC11kqHodDgUyyrJsyRZXta66gatn5WzFr,0,0,0,0,0,null,null,0,0,0,0,0,0,0,0,0,0,0,0,21195
6ZwXFkoKYevnYbdq9LfB9kvAjkHmo4kZrGrY7ofNyikf,0,0,0,0,0,null,null,0,0,0,0,0,0,0,0,0,0,0,0,10575
8qRqVy3Vme8GsvWWk9pHArZgh6Ro1C9biWmozXNwresW,0,0,0,0,0,null,null,0,0,0,0,0,0,0,0,0,0,0,0,2210
3MFxDHLMkv863rxcupKQ4srPZnT5yDwFAaTENhJBxaKM,0,0,0,0,0,null,null,0,0,0,0,0,0,0,0,0,0,0,0,10275
5kLAJS1P2c4pSHPhU91aAMLsfhBbjbYHTCfxhmKB3Rtd,0,0,6211,0,15568,null,null,0,0,0,0,0,0,0,0,0,0,0,0,1960.4
HYd49gtdF2gRiHDsaHoMpgSm71yFp7ECE5k7S6P7i87C,0,0,0,0,1250,null,null,0,0,0,0,0,0,0,0,0,0,0,0,225
Fp9ULSKHYm2bR6AUZvZGdXWcWsB7iynaUS9ipr5K1MbF,0,0,0,0,0,null,null,0,0,0,0,0,0,0,0,0,0,0,0,0
64GD4p9uLC9MEziLGQgAARgMMdBj4w9Q1bef63eYEbhT,0,0,0,0,0,null,null,0,0,0,0,0,0,0,0,0,0,0,0,1365
8fscX4BGejvrBB1WnYGs7DQNBxgjM9v6iqKnq9wGvS2S,0,0,0,0,6,null,null,0,0,0,0,0,0,0,0,0,0,0,0,2100
2mQcLgaGdZvV1K7Yk3yCz5vVJkHzT5TQtbugAhfZHKvo,0,0,29079,0,0,null,null,0,0,0,0,0,0,0,0,0,0,0,0,12385
HnUZo13Ncb9Xx4nuVnLcnkSDvPR5vfMRbbQJySoUQBof,0,0,0,0,0,null,null,0,0,0,0,0,0,0,0,0,0,0,0,1100
JBXbypS6S8k1fAhwPssXa1SDtUq8KSBCjVhbDZqxsemB,0,0,0,0,0,null,null,0,0,0,0,0,0,0,0,0,0,0,0,4230
6jKm7ZhikmmhT8i3q1wrhM5FRQoktAKbLhn6XFCyj5ro,0,0,0,0,0,null,null,0,0,0,0,0,0,0,0,0,0,0,0,4605
4aJh2CCtbUr64Xh45UL8FXXUdJG5btiCDMZb18Vr2RT9,0,0,0,0,0,null,null,0,0,0,0,0,0,0,0,0,0,0,0,791
7ckvB1uchDPcA5vkjJvu4DHCkgGq81qbJrd4P2CwPDV8,0,0,0,0,0,null,null,0,0,0,0,0,0,0,0,0,0,0,0,85803.895018
6MNXh4179HKZd1D2pKGgsdLjwQhifap2VLCaMHXj4KiH,0,0,57497,0,0,null,null,0,0,0,0,0,0,0,0,0,0,0,0,29840.5
6pPdyHoBv3MamTvbRmZXY69CuEN6YjDg7SF7t7KVLDic,0,0,0,0,0,null,null,0,0,0,0,0,0,0,0,0,0,0,0,0
D7o5YEE6ZTnQPRd2nbdoK1rRP83mLLoapoBWgkSJFUHL,0,0,0,0,0,null,null,0,0,0,0,0,0,0,0,0,0,0,0,17102
4LAUqfwKXyUrKeBoEpphozvNMgnT3DhYjU3tohGeArjd,0,0,48901,0,0,1684576822,1687289398,440109,440109,0,9,9,0,0,0,0,0,0,0,6505
6piefzGypBT52uysb42shtBcCUgyV8uBtseopjQNrjFA,0,0,0,0,0,null,null,0,0,0,0,0,0,0,0,0,0,0,0,5430
CKXBywyhvxoc9sTv469sxgQNQEVGjoUd1SuefS1tMoq9,0,0,0,0,0,null,null,0,0,0,0,0,0,0,0,0,0,0,0,535
BZeGjhfK8knnmWnX7crYwi6iKyyUaoWMZFBhrC1FNuQJ,0,0,0,0,575,null,null,0,0,0,0,0,0,0,0,0,0,0,0,0
5khS7roagypx9MEo8Z8HEkquAiPD2kZR3VrpSme5uXzD,0,0,28875,0,4775,null,null,0,0,0,0,0,0,0,0,0,0,0,0,10280
6m4i6Gh83M4oDps6g6zXM4wiXap35w65DQS7hdnEzuB5,0,0,0,0,13890,null,null,0,0,0,0,0,0,0,0,0,0,0,0,1105
BcXjZUMYGxqj9iQYhHzCcqgzjmhiVEVFCLHRMP7Sm11D,0,0,0,0,0,null,null,0,0,0,0,0,0,0,0,0,0,0,0,2520
AkXTPSmMeDY1hjRNH2BfCJByeWWPgJgJmJZFKEP5F7LC,0,0,45385,0,0,1686362943,1686504517,90770,90770,0,2,2,0,0,0,0,0,0,4989,9169
A8qncfGwb9K1aXtihVjCJEzXE8ynvzgGQcSSVyP5L2Sz,0,0,228953,0,0,null,null,0,0,0,0,0,0,0,0,0,0,0,0,361221.7150040001
D3s8NuLSxhvEwpnQ9wMkgEx3j2Hbw6FcFfA2Nh1p78dF,0,0,0,0,0,null,null,0,0,0,0,0,0,0,0,0,0,0,0,39486.812507
6KhisW1zBdcax1na44XZcSd4jgr48iRbBEieNVR1JtA9,0,0,0,0,1263,null,null,0,0,0,0,0,0,0,0,0,0,0,0,115
FrytnomHvzLrCbwZ34Y7SkYzGRYdBiViCD9EUECKTFii,0,0,57091,0,0,null,null,0,0,0,0,0,0,0,0,0,0,0,0,9280
AxSv4XsSeWisFhSq7C8MA1TV5BErjDi5K4zze6HPJy8F,0,0,527615,0,16889,1684576822,1686504517,2621186,2621186,0,5,5,0,0,0,0,0,0,16889,60449
A7Cnu8Q2E3Pxz4QtWpG26acy9YMrFEeNVFHN42djxsZF,0,0,0,0,300,null,null,0,0,0,0,0,0,0,0,0,0,0,0,0
6mBNN7cuBZ1Mq8UxcKqDapXP1ksdL4NS5W2KVvwCSYbQ,0,0,0,0,0,null,null,0,0,0,0,0,0,0,0,0,0,0,0,1100
8hbNNbHfmMLao1TMBuwdrFz4zZZfAnvHGB9DofWpu9FF,0,0,0,0,0,null,null,0,0,0,0,0,0,0,0,0,0,0,0,6619.312501
129H4gSo68Ys8kqfZxsA6j59GKbaL4T64qsD92N2Bcv,0,0,0,0,0,null,null,0,0,0,0,0,0,0,0,0,0,0,0,0
GPXiHb4tKGX9zntTmcLipujndnN8ZB6bVSHjLHagMbyc,0,0,74907,0,0,1685294598,1687289398,299628,224721,74907,4,3,1,0,0,0,0,0,2609,12939
8qTXSDgQvNEPA5LewEsXMTZzkXz3sLhkHq112MA9fWme,0,0,0,0,0,null,null,0,0,0,0,0,0,0,0,0,0,0,0,41791
2sVE4nQXwqxgJ33Pbz8D7QLShYjKpAT2bbJbMgA7EeaC,0,0,314,0,0,null,null,0,0,0,0,0,0,0,0,0,0,0,2609,50754.000001
BjWbRcKNVWhkpXnaS6RbmQktwmTedosHKZnjumcfrPa2,0,0,0,0,0,null,null,0,0,0,0,0,0,0,0,0,0,0,0,14392.5
CLvY3mAD19MN4USSuPJRaVBeDwF4BxMoxwx5XQ51Y6d1,0,0,0,0,0,null,null,0,0,0,0,0,0,0,0,0,0,0,0,8255
9f8uuHm4VFzsHnBoCUZxF2cuQJzJteX4tzAqL1sPsqXQ,0,0,531415,0,0,1684576822,1686504517,2120671,2120671,0,4,4,0,0,0,0,0,0,4989,145384.080002
Qrw6y2DiogvivGah9Dj9BuDu8Cr7qxCRUEh63Z1dmpv,0,0,235627,0,0,null,null,0,0,0,0,0,0,0,0,0,0,0,0,27396.000000000004
VVHYnG3fb96YQeZCf7a4nTNr22dX8VveUZqENbuHwAi,0,0,0,0,0,null,null,0,0,0,0,0,0,0,0,0,0,0,0,17847.3125
AG4MwfWGDSbAans7aJ4yYd8zEx1L1L75D9TzrpYXhPiv,0,0,3561,0,26305,null,null,0,0,0,0,0,0,0,0,0,0,0,0,420
DxvWEDKaUAMBwHVF22kCxG2jRWgMLdcWWUVdDjY9EJrH,0,0,245815,0,12129,1684576822,1687289398,2949780,2949780,0,12,12,0,0,0,0,0,0,12129,29709
CUfpptASdtG6jd1Prd8eUBdnZ67oh3qRGKZBFiR2ei7X,0,0,0,0,0,null,null,0,0,0,0,0,0,0,0,0,0,0,0,0
EqzTB2Yivt8cXh9grxTRKzJJcKBrCsr3cVvdFDtyeovw,0,0,1420,0,3195,null,null,0,0,0,0,0,0,0,0,0,0,0,0,520
3JkznmhmZ3fU6nnpuX8JHnUKdy4BmhKMUhBoprJN43Px,0,0,41,0,0,null,null,0,0,0,0,0,0,0,0,0,0,0,0,0
9qWN2em7qYpZg5dhD83bSepQbZWRY3GUZAxTnok1azZP,0,0,705038,0,0,1684576822,1687364522,6262150,5823581,438569,11,10,1,0,0,0,0,0,32129,147464
FntYEntiP2E3SfvVfqArXAcyZR1nzwL5T2wTX53ztXvg,0,0,0,0,26252,null,null,0,0,0,0,0,0,0,0,0,0,0,0,8830
4oKNmVbaK1eW4AbMYwxT3HtzcF9ygczVGicU2j3VzW6S,0,0,0,0,0,null,null,0,0,0,0,0,0,0,0,0,0,0,0,0
wUPaQBrjwSDzqPbUHXSLoakMxgX3QuCVpuarkjTxttU,0,0,0,0,0,null,null,0,0,0,0,0,0,0,0,0,0,0,0,5979
62XPk2UveykynZosxK8CgTJLe3c7WCS7nPxFY89XkiC3,0,0,0,0,0,null,null,0,0,0,0,0,0,0,0,0,0,0,0,0
4AeGMYZvZJmzoDTgcQe9aSzsFkh3ZzuNazBeUvjHccaH,0,0,5100,0,2370,null,null,0,0,0,0,0,0,0,0,0,0,0,0,2370
HTe1Hfi6zAjLcCjyaox7fTvjPnXvqjKna9BT3h45BDKa,0,0,0,0,0,null,null,0,0,0,0,0,0,0,0,0,0,0,0,1100
Cj2r2kiGAyLzGWprHoiVMh1Rbs4r42SBDb3dLjNYvhnm,0,0,0,0,0,null,null,0,0,0,0,0,0,0,0,0,0,0,0,0
9WW4oiMyW6A9oP4R8jvxJLMZ3RUss18qsM4yBBHJPj94,0,0,0,0,0,null,null,0,0,0,0,0,0,0,0,0,0,0,0,18300.000001
2xcf5XSh3brDD2nvbDM1BSE8upZcwRfnZa8hoQkAQTKJ,0,0,0,0,0,null,null,0,0,0,0,0,0,0,0,0,0,0,0,1535
9DWREMQtcKKcZRzqBi4kWKp61TW9MhASCVE9biCX7tvD,0,0,0,0,0,null,null,0,0,0,0,0,0,0,0,0,0,0,0,43747.145001000004
Evs9aHMu7Txr3vurtmpqjThVgf2pbpdf5gL2nBCqpLAo,0,0,0,0,0,null,null,0,0,0,0,0,0,0,0,0,0,0,0,38217.500002
5BzDWc6MVWx2QxS3tSFLspdEHJLUYjogBByBUrZzcwU6,0,0,0,0,31401,null,null,0,0,0,0,0,0,0,0,0,0,0,0,3205
9rNN4te7RAwFUTZRKZ7gc2d1zpvnMDMa9aQ1DnVkGoE9,0,0,1068,0,5960,null,null,0,0,0,0,0,0,0,0,0,0,0,0,150
88r3rNk7CYuue3GQYAt9HY8gPTg3sE57BFvmasBich4i,0,0,0,0,0,null,null,0,0,0,0,0,0,0,0,0,0,0,0,225
2yCQZVCn9tvKMPWie6Cw6xzMfW7rHLAEYis9FNRpjhKp,0,0,0,0,0,null,null,0,0,0,0,0,0,0,0,0,0,0,0,0
9K33ctJs72mwWjWPD8ZJ52gYhx27HVnwxKE54c2aCrmo,0,0,0,0,21189,null,null,0,0,0,0,0,0,0,0,0,0,0,0,0
AugdJSvnUSmeDSyWMKQjKmVFSx24joj7Z7Kgsb5czx33,0,0,0,0,0,null,null,0,0,0,0,0,0,0,0,0,0,0,0,1100
B98e2BdhvvkxtBTwsu97HCmot93kjg9kEKSVYL6YnjjK,0,0,0,0,0,null,null,0,0,0,0,0,0,0,0,0,0,0,0,81153.000013
9E3mWP3fNLfhNxdsgz1vR6Lw6c3PVb8C4ukmRuPrChXc,0,0,0,0,0,null,null,0,0,0,0,0,0,0,0,0,0,0,0,2855
FnBpFq7Kf2vZrTx9Bxo3j7HMQVRoW1QefG968cfb7frR,0,0,0,0,1,null,null,0,0,0,0,0,0,0,0,0,0,0,0,1835
6qStdW1ywDJtdDUmp1FagV6RZXUyVt4jfiWHfxw1kw66,0,0,0,0,0,null,null,0,0,0,0,0,0,0,0,0,0,0,0,1117.6
6aJo6zRiC5CFnuE7cqw4sTtHHknrr69NE7LKxPAfFY9U,0,0,147281,0,0,1685294598,1687289398,589124,589124,0,4,4,0,0,0,0,0,0,0,0
3UFmscW19Jmds66SbYr39CpYrfcGjoFnbGHPmZXk8Z1w,0,0,17512,0,0,null,null,0,0,0,0,0,0,0,0,0,0,0,0,680
L6oTBZ49iLtt6pib8RpozoZb1V37dRtdbh1NZYaqF81,0,0,0,0,0,null,null,0,0,0,0,0,0,0,0,0,0,0,0,0
NYApdCfTnpf23ZPgDKuGy7BfjHLrSdij14m3EKKrvVx,0,0,0,0,0,null,null,0,0,0,0,0,0,0,0,0,0,0,0,100
86EoiTHti5Q9ow4yaojSzUaWafmXh58joWgkjx1FsxRJ,0,0,14038,0,6025,null,null,0,0,0,0,0,0,0,0,0,0,0,0,5718
9XadRpBF3AgTmXpqV4rtDQruQkgfrS3qLWM2a74PW4oq,0,0,9416,0,4665,null,null,0,0,0,0,0,0,0,0,0,0,0,0,5805
CEqfgDMgPxdcpmXurtW7bW2yj8mvAFKqMmRjn96g3YHn,0,0,0,0,0,null,null,0,0,0,0,0,0,0,0,0,0,0,0,2250
8MCp6nFhZxQ2qZKE6GNuUJN6DyYt34YHFLMeuue5wPcB,0,0,0,0,0,null,null,0,0,0,0,0,0,0,0,0,0,0,0,1050
63Gzrw97Rg3pp4Y4vVUDBiYUvDFW5PQ5PhynBzBRGSJ3,0,0,46976,0,2609,null,null,0,0,0,0,0,0,0,0,0,0,0,2609,2904
8wNtk8VQjHAMiasjLd6vtXjXEGgDALkc1c3RL2Z3wYbp,0,0,0,0,0,null,null,0,0,0,0,0,0,0,0,0,0,0,0,170
yq9utKpjdZdwkEbEacSaMQpzi178DS5yEyJZbci1ZXy,0,0,27023,0,5755,null,null,0,0,0,0,0,0,0,0,0,0,0,0,8450
AudQEp6AtnmxfvjMZeVnr9Q8Ko34TbMLr4KYLhdzFtzf,0,0,0,0,0,null,null,0,0,0,0,0,0,0,0,0,0,0,0,1375
DqykcUBXZS3pUWTNiev5CmQXgJaV4EsV3Z61ybL6du7G,0,0,6791,0,2900,null,null,0,0,0,0,0,0,0,0,0,0,0,0,0
eMq8gqAwtHYPqkAJ4HkbdxUuhQSGDEoiepYQntC81Sm,0,0,0,0,0,null,null,0,0,0,0,0,0,0,0,0,0,0,0,104198.83437600001
253MdBV28r86HnUL9K5tMg746Bv9arNXLnWT7rjqxkWW,0,0,0,0,0,null,null,0,0,0,0,0,0,0,0,0,0,0,0,2035
6YUSszLLt9Qi9aq53RroTwwpdksSG45rifuj6v4cHJuo,0,0,0,0,371,null,null,0,0,0,0,0,0,0,0,0,0,0,0,225
DFhvkpq3vVKAPtpTZ4QHFrZugc9Ksg72xFVmJ54TLcbZ,0,0,0,0,0,null,null,0,0,0,0,0,0,0,0,0,0,0,0,1590
HxuLXEJuG4MzJanfto1sW32iTnww5i6PM48XsWLtqj9,0,0,1,0,0,null,null,0,0,0,0,0,0,0,0,0,0,0,0,0
4WskRaYq3BEQaT3vGaWxpDAyM8NqzMbuqXXLiFsSpwF5,0,0,0,0,0,null,null,0,0,0,0,0,0,0,0,0,0,0,0,4385
4gSqbzp8fYhcB9T5CodV6BdN82kYLHz8chh4oRH3VzQE,0,0,0,0,0,null,null,0,0,0,0,0,0,0,0,0,0,0,0,400
EVa7c7XBXeRqLnuisfkvpXSw5VtTNVM8MNVJjaSgWm4i,0,0,13793,0,26160,null,null,0,0,0,0,0,0,0,0,0,0,0,0,710
CnaSrh24JwGiLTJQZAdYEoVu8nnAHggK2eoJPRUfroEf,0,0,2252,0,0,null,null,0,0,0,0,0,0,0,0,0,0,0,0,245
mrvFNk4VCmFdqKKL4TVpqbBSGA4q2v2AvixT4MsHFga,0,0,102,0,2900,null,null,0,0,0,0,0,0,0,0,0,0,0,0,0
DFq55SHcdmJBsVS4VFdtKEn5xktPvKhZ1UL6Tm6mUVr1,0,0,1245,0,43,null,null,0,0,0,0,0,0,0,0,0,0,0,0,518
DibvTCFDPWnjiY1KtiuxxnJQiswEPPeZ4NFnnES52Ekm,0,0,0,0,0,null,null,0,0,0,0,0,0,0,0,0,0,0,0,398
CuZz9rpTNtjb3JitqQG77e4CV5YhP6KGG8g9AY6E74PK,0,0,1311,0,6103,null,null,0,0,0,0,0,0,0,0,0,0,0,0,1348
4ZjYSCH3Sib9iMSM3QN2sL2kwxNcXG2P4XCemSC2hsyb,0,0,0,0,0,null,null,0,0,0,0,0,0,0,0,0,0,0,0,0
4NruycWTZFvbaF9wjF9uRVb2wP5gqTZtUpiDZ2GyQDZv,0,0,1,0,0,null,null,0,0,0,0,0,0,0,0,0,0,0,0,0
57wq4R1cNeAS2piyXufzhppumPaMHpkQdBkJcweebCqb,0,0,27777,0,0,1686504517,1687289398,111108,111108,0,4,4,0,0,0,0,0,0,0,0
ivnmNRRwgbkNiuW93pFWTL852BRvoB415RSUCEftbZF,0,0,0,0,40072,null,null,0,0,0,0,0,0,0,0,0,0,0,0,66597
Ai5mecszgv7YdRBnD1ZuwaaWk7Hnj3oBLeK2yhA3SbgE,0,0,7485,0,22383,null,null,0,0,0,0,0,0,0,0,0,0,0,0,5335
3enuFSFXJDjJKpMrTx6u89oJGxmRRKeSowSCCk7iZRbH,0,0,55,0,0,null,null,0,0,0,0,0,0,0,0,0,0,0,0,0
3s6VUe21HFVEC6j12bPXLcrBHMkTZ66847853pXWXspr,0,0,17205,0,4365,null,null,0,0,0,0,0,0,0,0,0,0,0,0,2570
KirkNf6VGMgc8dcbp5Zx3EKbDzN6goyTBMKN9hxSnBT,0,0,1784299,1,0,1684576822,1687364522,22728238,22728238,0,15,15,0,0,0,2,2,0,50936,364581
5Y2emuCV3yAyBD1ZCvBuG4AzEg6fFYCGvizG8W5ReoEh,0,0,0,0,0,null,null,0,0,0,0,0,0,0,0,0,0,0,0,225
dWxSRoUzdTTpSUkmhpETet1zthNz6xJZ9oe3gpcGXkJ,0,0,25625,0,0,null,null,0,0,0,0,0,0,0,0,0,0,0,0,9175
Bth743TH1mubgh2XwWa1kWpGP33eMAin4bURaTWUfJW3,0,0,0,0,0,null,null,0,0,0,0,0,0,0,0,0,0,0,0,1170
2oUd6hLeDrManDTF7VsMiu2d6vxW1w5kdEKpYTScw4YM,0,0,0,0,2,null,null,0,0,0,0,0,0,0,0,0,0,0,0,7125
9yPn5dTbPmFDkHTRU9w8EzAdCZH3BxsUVV7QnvX7MAso,0,0,0,0,0,null,null,0,0,0,0,0,0,0,0,0,0,0,0,1110
G2rqmZe26tQ4S5UZM8eTsaTcAaGy8BUDhS9Lr3p1G1VD,0,0,29122,0,12485,null,null,0,0,0,0,0,0,0,0,0,0,0,0,865
AZpn1dn3VbLdFe2JfbHe9JmUP7NX2roYyzNwKbDZqqvz,0,0,172761,0,0,1684576822,1687289398,1539882,1539882,0,9,9,0,0,0,0,0,0,4989,68943.00000100001
H4y3fs9N3LPqmCZNFTm9KiJM2xgtEkHzjdMvWDqdjrUU,0,0,0,0,0,null,null,0,0,0,0,0,0,0,0,0,0,0,0,0
B6Fc8hnuz3h3q3RHCK6CrB8L547QJWTB3XQAyDhTx6YW,0,0,38830,0,0,1686504517,1686816395,77660,77660,0,2,2,0,0,0,0,0,0,0,2570
GryX8ViwN3fUUptcp5zXsxNJGGzLMuTSTYxWuzHFFCtV,0,0,0,0,0,null,null,0,0,0,0,0,0,0,0,0,0,0,0,2250
8szuzs4TcqbQxYtGz6iaGdG8HaGx8XR3bA5ED2efgkqv,0,0,0,0,54,null,null,0,0,0,0,0,0,0,0,0,0,0,0,8140
CsUuL6KLFBxWk5f4FVZURp4CN2RRc2Q7rJDUNxfk6iPL,0,0,0,0,0,null,null,0,0,0,0,0,0,0,0,0,0,0,0,31777
3VzmuftUuPouumLoqdQHZqjNxamrQn2fdGRA4HAb1MBJ,0,0,0,0,0,null,null,0,0,0,0,0,0,0,0,0,0,0,0,0
8Fj54CXnnNT4rmQstvweKRpjD7NhW4XJkYN5JpFQ2TF9,0,0,50588,0,0,1684576822,1684576822,50588,50588,0,1,1,0,0,0,0,0,0,0,28760
B5CTBTggmGFvGFSunjbB4C9tLKcYcULehmEiEXRihY2J,0,0,0,0,0,null,null,0,0,0,0,0,0,0,0,0,0,0,0,6480
82gJQKaPJ7QYhFpdVbKpL7VTXpSXdi62dZvUUQ9Sjxmn,0,0,0,0,0,null,null,0,0,0,0,0,0,0,0,0,0,0,0,3310
GgqdBKXDj9d4yMFjdHHQycqdQZGkd6C7pvEBUiiMhEWo,0,0,0,0,0,null,null,0,0,0,0,0,0,0,0,0,0,0,0,1010
YZATLdBDidM7FZpjUhivLxBXiAfwDKdZnGDJYzR75LU,0,0,30774,0,16405,null,null,0,0,0,0,0,0,0,0,0,0,0,0,3850
GTQx3jDouSoypv8FrmY4Goiv3PBZmxfxJZinz5AXkgzK,0,0,8564,0,77890,null,null,0,0,0,0,0,0,0,0,0,0,0,2609,4834
DxcDp99aQqLuqdM3hhS9YY2EMmMGNqzS6iYyNFWYvjc8,0,0,8225,0,0,null,null,0,0,0,0,0,0,0,0,0,0,0,0,2145
B9EitFVjCWQu8LPVwHvysysysawEwzPLERsYhnzcRTcr,0,0,30556,0,34880,null,null,0,0,0,0,0,0,0,0,0,0,0,0,7125
ENpKK4BwmR1TJZp5PyKXHfqbZbVjW1GhNEB9MuhSAYon,0,0,0,0,3487,null,null,0,0,0,0,0,0,0,0,0,0,0,0,265
3bkjQQwCb9E8gHrdeaF4HuAPoqqEaoEY1E2AoCHKBygq,0,0,24951,0,0,null,null,0,0,0,0,0,0,0,0,0,0,0,0,10330
8EpbcD8oBXMMege7MWrhBScEf6ZuUzH22sFRzFFtXGs6,0,0,15,0,0,null,null,0,0,0,0,0,0,0,0,0,0,0,0,7465
8BbywAM9drrAekaXhJ2AGoDMwQsvQjLhBFPNzxG3hqKQ,0,0,0,0,0,null,null,0,0,0,0,0,0,0,0,0,0,0,0,8140
AvANpdC6abaGpQMDW3xbB4tNbJ9VVWR5bSj66CX6gCpG,0,0,1348,0,0,null,null,0,0,0,0,0,0,0,0,0,0,0,0,165
CqZUSsbtVm3UebTovRHVomWjkwMnjvrvFaV2hGyqNE5C,0,0,0,0,0,null,null,0,0,0,0,0,0,0,0,0,0,0,0,865
FxZ211rgVDwnsA5JeumPGh1tEFRpyZTvBddcXKxFKQNS,0,0,0,0,0,null,null,0,0,0,0,0,0,0,0,0,0,0,0,0
B8wEgFPUdfWXBjjKNfQcbRseVxkAeM54ewite9jahSg5,0,0,7795,0,3860,null,null,0,0,0,0,0,0,0,0,0,0,0,0,1735
CNNFXogS4zoQewDabSBUJMy62JCydFupeZBXm8BnG5fL,0,0,0,0,335,null,null,0,0,0,0,0,0,0,0,0,0,0,0,6835
J7rt6hSwN2p9bWiTm783oXoU71GzaVe5KvDuoQTGjNoH,0,0,0,0,10000,null,null,0,0,0,0,0,0,0,0,0,0,0,0,4360
5Tb4pJpx16pn2pf5XoJkNdmLxneUpEhKpRU1EHZbTxkJ,0,0,1363,0,0,null,null,0,0,0,0,0,0,0,0,0,0,0,0,30408
6KLqAzXmhJ6hg1YTDL9yDY57RRp8HrN5npx61fVGLAQM,0,0,0,0,0,null,null,0,0,0,0,0,0,0,0,0,0,0,0,720
3BKp6sca3V4uQfyGdPxs11mEQTEshG92qhGvoDsRjssZ,0,0,0,0,0,null,null,0,0,0,0,0,0,0,0,0,0,0,0,0
3Q1GEKDqv33Y8fHwc8WE6AjYwujoosrjLM1tpHLwLsjD,0,0,0,0,29797,null,null,0,0,0,0,0,0,0,0,0,0,0,0,2005
2TVDDQzDhcRQrLL8xxK5HmVeGXj3tnZrAE49FnqjRnpJ,0,0,0,0,39803,null,null,0,0,0,0,0,0,0,0,0,0,0,0,26122.5
BQ4N9WsL8omsYHQdf4xrwQmMdjc4hdTLrSf4RCEKHzYf,0,0,33230,0,5810,null,null,0,0,0,0,0,0,0,0,0,0,0,0,4385
KfxsYDfifaLxH8uQ85tcX8ZCUN4BY8guqxFE1AnkAzu,0,0,0,0,202900,null,null,0,0,0,0,0,0,0,0,0,0,0,0,200000
CLcXVZpCwF9QH2aNjFhPSzyeUVifkP9W88WHwfe6sMww,0,0,0,0,0,null,null,0,0,0,0,0,0,0,0,0,0,0,0,96805
FfHVSbURtYEsXxVBHLYvQEHkpX3KTL8wgJzs5dhxFmYE,0,0,0,0,17,null,null,0,0,0,0,0,0,0,0,0,0,0,0,0
6zAES3SRAsnxrBWcnwxXkBBveCDjqdB3u2DZk6rfoU4h,0,0,37295,0,2609,1687099823,1687099823,37295,37295,0,1,1,0,0,0,0,0,0,2609,13940.5
5S4a3vYeZRKaGSdeLHS1tmuDdVyvw24Akq9qpKo6UVWQ,0,0,36279,0,0,null,null,0,0,0,0,0,0,0,0,0,0,0,0,6405
5nFVtrhHXyaMBFHhXFYfLmNfbgUWuToy2q4LDpRrWU7N,0,0,70990,0,0,1686362943,1686504517,141980,70990,70990,2,1,1,0,0,0,0,0,0,710
EBWoWQ7R7Jb1E1JZXD5iVaPfNzxtdytykfegsQMeySCG,0,0,0,0,0,null,null,0,0,0,0,0,0,0,0,0,0,0,0,243
2mqe8ScMrHTn2D3me7fBtAAwc7wGG5A3vpaJfqMgMs2z,0,0,0,0,2068,null,null,0,0,0,0,0,0,0,0,0,0,0,0,15246
CuQTrVP9S6AndurzudM6oGTfmRj4qYCg7T1dis2x9Zvh,0,0,100,0,2900,null,null,0,0,0,0,0,0,0,0,0,0,0,0,0
DkmqiSVcX73wfBK8oAkedK5SPDafr1WhjnZynoFZmEdi,0,0,61,0,0,null,null,0,0,0,0,0,0,0,0,0,0,0,0,0
2tmFEAkqUseP7sxUs2CuVxzwjKfjNPHicJHbntiTz3WB,0,0,22044,0,1875,null,null,0,0,0,0,0,0,0,0,0,0,0,0,4720
93Q3PW1bGtzsfLTqNoHgfrpVvEjunha9pcRGPZZf9phX,0,0,659628,0,31679,null,null,0,0,0,0,0,0,0,0,0,0,0,2609,45799
5g9ckdBoQLxCSfiCCU32ZrtNLW2w9cyu7iNSogUC5Nzp,0,0,0,0,0,null,null,0,0,0,0,0,0,0,0,0,0,0,0,8440
7N6Vqen7PvFwZY9WwDPJ7SJNxZbSnjT3nwai32eYPUg4,0,0,6361,0,1465,null,null,0,0,0,0,0,0,0,0,0,0,0,0,3300
6bcnuPbVDknksYUV5u8VUkjwk6JdWguZ7EbkCWb34ktG,0,0,0,0,0,null,null,0,0,0,0,0,0,0,0,0,0,0,0,0
5ZSvK4jAkW2dNuG2cowPPQjdruZWtqW7pCXgMHR4VeB7,0,0,0,0,0,null,null,0,0,0,0,0,0,0,0,0,0,0,0,76217.500001
Nx7HfzNhpThxWbGieb2UuzioSqi6czoCu5BUQJzncXb,0,0,0,0,0,null,null,0,0,0,0,0,0,0,0,0,0,0,0,0
4asFzYiSygQZH4xQLnyWxV9LRYG3Bsjtda5RyVQuqiWH,0,0,328,0,14530,null,null,0,0,0,0,0,0,0,0,0,0,0,0,0
26gQiDrDHBj6VmcLMUnUCHe9UDXzJTwt56gemRJuRdUY,0,0,0,0,0,null,null,0,0,0,0,0,0,0,0,0,0,0,0,29855
3UeCX2xEDz9E8gYWvCq1k1sGv4DWJygU6qBLXt1EXbxj,0,0,10,0,0,null,null,0,0,0,0,0,0,0,0,0,0,0,0,0
66QM3g4F41zaZztQjnoNF3PmoEnv7mNsGowHi2MpQHqS,0,0,0,0,0,null,null,0,0,0,0,0,0,0,0,0,0,0,0,15283
3vuCFLbVWsNeWgyxkb2xiLQuxKDW83HWiTMmodT8gmtk,0,0,7733,0,465,null,null,0,0,0,0,0,0,0,0,0,0,0,0,465
2ti22hYpWr5kfGzs56vUUhXn1iKVxAqj7WqHub9FJ92V,0,0,27019,0,1875,null,null,0,0,0,0,0,0,0,0,0,0,0,0,1875
6Gi9hqHhccbkPpLtZVdgAbMcnZmHEALrhw29CBxGW6QD,0,0,0,0,0,null,null,0,0,0,0,0,0,0,0,0,0,0,0,2250
4VzkhKd7RjubNNNbRr9dbaa9esCVaf4deT6Fb18ApgQy,0,0,0,0,1000,null,null,0,0,0,0,0,0,0,0,0,0,0,0,2570
5jZamLP1eGigWQ7WDAKJuPAADkW63Ga8mQxs4h1sh9pJ,0,0,1,0,0,null,null,0,0,0,0,0,0,0,0,0,0,0,0,8365
4bpvgHo1oPZcjRCkgUuVMRZpHshwHZZh8ZL5SY5RcXap,0,0,10737,0,0,null,null,0,0,0,0,0,0,0,0,0,0,0,0,3685
A6bDBr5Latt5doB7XtmGmJYGGSwpw3TG14jjCJe81mri,0,0,0,0,0,null,null,0,0,0,0,0,0,0,0,0,0,0,0,0
2Yorr88QZQ8Es49gnRT6zrcEoVRjNJkK9XwFCNP28x99,0,0,0,0,0,1684576822,1684576822,316815,316815,0,1,1,0,0,0,0,0,0,14509,53294
C7MUK5DsePeb5Ud4HicydsrtygZ1F8s8zsKXkwDqhq5X,0,0,23655,0,8825,null,null,0,0,0,0,0,0,0,0,0,0,0,0,29580
B26v8oLRoCd7GvsgRvQqNqzyT9aK5nR95Vohw3DE8X3J,0,0,2517,0,2945,null,null,0,0,0,0,0,0,0,0,0,0,0,0,45
JAkdb713Gcdkr75GfAeZjrWocm2jnspeHYXjmExSqhZx,0,0,0,0,0,null,null,0,0,0,0,0,0,0,0,0,0,0,0,0
5R27jTVrpv4USzkRzANStYZUaVYUaiuPMJoPZPo1SiMC,0,0,1245,0,43,null,null,0,0,0,0,0,0,0,0,0,0,0,0,518
35WFoVsY84yDu2htaTC2WFBW7yMfsLTjKLgPDZGPmpjW,0,0,6530,0,215,null,null,0,0,0,0,0,0,0,0,0,0,0,0,1320
CWvWQWt5mTv7ZxUxQCcYWLadhkRrVAdkpy1n65yBSfqw,0,0,2279,0,5905,null,null,0,0,0,0,0,0,0,0,0,0,0,0,245
2uNCuNwP1dnkWBbPLDsEATRvJaoEbXMaRRbA6Di37syG,0,0,30962,0,0,null,null,0,0,0,0,0,0,0,0,0,0,0,0,31223.1875
3pcxfQKjaAcHCYzTngRMgQi5G81cKc7yR2rFYL4dgqQP,0,0,0,0,0,null,null,0,0,0,0,0,0,0,0,0,0,0,0,4050
4TidbLDsddNzJ1bNjKKP5RBujBAwQkb5Ap7j62RMG4it,0,0,0,0,0,null,null,0,0,0,0,0,0,0,0,0,0,0,0,265
7vsh7hJYqvQczsocU3gaxCj5CRLHV82H5izomHhHsTTP,0,0,40129,0,5919,1687099823,1687099823,40129,40129,0,1,1,0,0,0,0,0,0,2609,11049
Ah2mrovD2N95yt3YZWQLdG6pNcJ71JU9vYwKpXTv7Hd1,0,0,0,0,0,null,null,0,0,0,0,0,0,0,0,0,0,0,0,0
6yftJBz1KdaTALeEfm8dADCqqH4Y6BoHKKUG89pUi4Sh,0,0,9,0,0,null,null,0,0,0,0,0,0,0,0,0,0,0,0,0
HpA5UXUih1XL3KY2Hbq7Aay2xu8ZJZYMZiQCdhkXGRMB,0,0,0,0,0,null,null,0,0,0,0,0,0,0,0,0,0,0,0,1105
DfCHMeHfRYMBQwMje5bLSqimMWXhArYoTomX2vRr6Ty9,0,0,0,0,2,null,null,0,0,0,0,0,0,0,0,0,0,0,0,6660
4DS5QkBvHHnnuoRYop7jaHbnrpvg75w83Jhg3PMvK9KV,0,0,35278,0,25533,null,null,0,0,0,0,0,0,0,0,0,0,0,2609,17839
Bj4ig3ZCCHE2ZGd5CEYCZjooqVJx2zK7c9UFBLPMmRwG,0,0,0,0,160,null,null,0,0,0,0,0,0,0,0,0,0,0,0,0
HKYT5tK9DWj2icRcQdHJ475UdhVy17RPpX7UkYFsTNxx,0,0,0,0,0,null,null,0,0,0,0,0,0,0,0,0,0,0,0,3305
Bcuxg6d777hzz4Qd9GnX4tzaysHaxLBm5Jdk4nnuZjt4,0,0,28931,0,1875,null,null,0,0,0,0,0,0,0,0,0,0,0,0,8255
7DVaRtQf83aBtLLWY5W9v6FWAtTvs83472ddP5eN9Zx,0,0,0,0,181,null,null,0,0,0,0,0,0,0,0,0,0,0,0,0
B7My3enHSWyWTjYi4Ex6kh7JEYEsE9FoPR35s15uWCAf,0,0,428080,0,0,null,null,0,0,0,0,0,0,0,0,0,0,0,0,0
FLPdEawgnTLeDDtX8aZQhBzy4TYK5EKd2YKoYxvE8rUE,0,0,0,0,23043,null,null,0,0,0,0,0,0,0,0,0,0,0,0,225
HLCjkBicUNh3f8o4ZLzTnmXqu4VDzwLbJKi78GvUqibZ,0,0,0,0,0,null,null,0,0,0,0,0,0,0,0,0,0,0,0,0
79eU8KVV53emiMcvMhrBEDSLQkrzk2fjgvFGALjaU1AJ,0,0,45608,0,7800,null,null,0,0,0,0,0,0,0,0,0,0,0,0,4900
HankoyY7vE5keFTcnRuLDctHXH8W6Aq9qA84513GZnr9,0,0,332,0,2900,null,null,0,0,0,0,0,0,0,0,0,0,0,0,0
46uY7ukjXNMKAKx2bQYSFF2CFNYo8KWpLkebL5F6NtrN,0,0,318,0,2900,null,null,0,0,0,0,0,0,0,0,0,0,0,0,4405
GrapevviL94JZRiZwn2LjpWtmDacXU8QhAJvzpUMMFdL,0,0,0,0,1,null,null,0,0,0,0,0,0,0,0,0,0,0,0,0
7nBXnGsopKLFBDnXVJCwqHfcbbsj3VFMo7GaDpdJb6xH,0,0,0,0,341,null,null,0,0,0,0,0,0,0,0,0,0,0,0,2270
9YZmoQEAcFbePQ34hvTxmU9z9DubbQHSVs6G4VvML4R8,0,0,0,0,894,null,null,0,0,0,0,0,0,0,0,0,0,0,0,225
6vuvZh3RXY5dwBVhzgjhoErM1PSupQHnG55CLrpzuNZk,0,0,0,0,0,null,null,0,0,0,0,0,0,0,0,0,0,0,0,1520
FXvKXYLEZr5wREeWqWqpTwGuyEmkakvhdbf1uGittyis,0,0,0,0,0,null,null,0,0,0,0,0,0,0,0,0,0,0,0,365
3hsRgJN7Aiczm6KCwXhxbCyALpawJQdaxUgJx6DYu74Y,0,0,0,0,0,null,null,0,0,0,0,0,0,0,0,0,0,0,0,1850
GFefRR6EASXvnphnJApp2PRH1wF1B5pJijKBZGFzq1x1,0,0,0,0,0,null,null,0,0,0,0,0,0,0,0,0,0,0,0,0
C4mTkugj8iBr7JSpPzK7zTu8Hq8K1YES3uRKHNXC9AF2,0,0,1416,0,295,null,null,0,0,0,0,0,0,0,0,0,0,0,0,1520
2BbPeiBkdaMkF5c1qNttKDraXowVVND3Tm9t7gLg5Xbs,0,0,0,0,0,null,null,0,0,0,0,0,0,0,0,0,0,0,0,4890
DAEDx7zcVf2dHnQ3QJcm3m7ntQW2QBKQceBWuTMB2HrD,0,0,1,0,0,null,null,0,0,0,0,0,0,0,0,0,0,0,0,360
9mtnVUBYoAeewWeFGs7RwcsGu9yjmZ9ZsK7X8vUrCSsR,0,0,33934,0,0,null,null,0,0,0,0,0,0,0,0,0,0,0,0,10330
CvJ4NrY4dgB9dUchcckQh8vf4VejWPuGyYY49xNSk48U,0,0,7246,0,465,null,null,0,0,0,0,0,0,0,0,0,0,0,0,1090
E9gTcqPYkvN2bW6znLQn8UuoVu1cKrUAzCLjM3UU5j8Z,0,0,33,0,0,null,null,0,0,0,0,0,0,0,0,0,0,0,0,0
3KPsUE8TF8Pb8UqHgmACYLHDrkBisR8JvgLmjHsct7s4,0,0,0,0,0,null,null,0,0,0,0,0,0,0,0,0,0,0,0,24603
JD4FNyoSa2rALxALvpbHnfGYB7KDqcdNMgTpF1Tw9f9u,0,0,0,0,0,null,null,0,0,0,0,0,0,0,0,0,0,0,0,9130
4cr3zvect1gLLG4sFDCYJr5abBHcaoNsQi7WBVZZLbSc,0,0,30730,0,0,null,null,0,0,0,0,0,0,0,0,0,0,0,0,10330
66yTJKe6ywnijzS1hMmRzZhtvgHPPCBtWJkar8tHS2yR,0,0,0,0,0,null,null,0,0,0,0,0,0,0,0,0,0,0,0,4405
JAcKQUTAwpcVn8pBR3xhpNdZQbL8wz4YmTKEK1yoGZHf,0,0,5650,0,2900,null,null,0,0,0,0,0,0,0,0,0,0,0,0,1835
F95KV3PQZYa71EuAyE6Datq3wLeUwWijc8cdUAzgYx2D,0,0,0,0,0,null,null,0,0,0,0,0,0,0,0,0,0,0,0,6490.5
JCzcVnhPyjefCsmfnEX3nTqR3e16qgxN4fyZHDAAHDsb,0,0,255670,0,0,1685294598,1687289398,767010,767010,0,3,3,0,0,0,0,0,0,4989,4989
ABinaZhqZ4TfCGSXznFQNVkTTCNgNbgFw6GUgDTbHwke,3,3,0,0,0,1684576822,1686816395,8746656,8746656,0,8,8,0,0,0,0,0,0,58676,58676
4gLF7f11RQXfTZeK2gVN2DNDwR77ydkFFZoX2Gb1jgbf,0,0,0,0,25598,null,null,0,0,0,0,0,0,0,0,0,0,0,0,4405
GyzFBG1YY3oNG8fL4uUfh97emZ7xJVQbtmyMMxjHPUwc,0,0,2191,0,0,null,null,0,0,0,0,0,0,0,0,0,0,0,0,415
6X7bH994VjJabevT3LX67rxA9oUEcE3f5nrx1pn3yPbx,0,0,0,0,0,null,null,0,0,0,0,0,0,0,0,0,0,0,0,245
AHsp4KBuxRDeCJ6788KjqMAzBqmWuh646gG6EVei5RfJ,0,0,10749,0,28769,null,null,0,0,0,0,0,0,0,0,0,0,0,2609,2824
Hn8FdKHpqTMBRgenbqKKHr5z2Hn1V9dekXGiWU7d1KR6,0,0,33843,0,0,1685519129,1685519129,33843,33843,0,1,1,0,0,0,0,0,0,0,7155
5J85nBHFKqLBFhtDzZWDL5kVes2sp8mVZSUhVmaXiEmS,0,0,0,0,0,null,null,0,0,0,0,0,0,0,0,0,0,0,0,12545
CHLAvz4B4YcCUAHYpEQ6jGe3tHTiKLZojYHYyTyB4xuB,0,0,25449,0,28150,null,null,0,0,0,0,0,0,0,0,0,0,0,0,7930
4c7UFvZJa1BBV5mnAzv7bYRBgewQBqXTaMkxPFjgvAd7,0,0,31851,0,2845,null,null,0,0,0,0,0,0,0,0,0,0,0,0,7030
FkTvYVx1ymhCjj7jzrh6J1Sj3NidyHfEdXpAtnaQ92A5,0,0,309421,0,0,1687288488,1687288488,309421,309421,0,1,1,0,0,0,0,0,0,0,34970
4cJBgggPwmwDLXJBV6gK3wntLKNGGWyPaqH418bCLEYB,0,0,23695,0,11434,null,null,0,0,0,0,0,0,0,0,0,0,0,2609,8534
2tPGUj2utntUpwVCU5Bv1TZGHWpSZJiPvdheFzRDxCkt,0,0,0,0,0,null,null,0,0,0,0,0,0,0,0,0,0,0,0,1170
W9N49X5Fg629TEtQZuEo88M5Vj4DbM9DTz6nCW93izJ,0,0,0,0,0,null,null,0,0,0,0,0,0,0,0,0,0,0,0,0
C96pACNoAx1yQXrrXZWEXcGy1EojCJSdKHQpEB6DvYcp,0,0,0,0,27163,null,null,0,0,0,0,0,0,0,0,0,0,0,0,6280
C6wM9NQ5qgAU9Jsu7x2BmNPb4y5yAineKb92DuCRWXUg,0,0,4699,0,145,null,null,0,0,0,0,0,0,0,0,0,0,0,0,315
588y5KUy6oaqSgD9ALR6D8UVzK6DwyTiTQiht8TiLN1L,0,0,0,0,255,null,null,0,0,0,0,0,0,0,0,0,0,0,0,0
6ftaM1Zfx1gDM2qj73KvNgHs1UaKhox2XjbuYM2a4Cbw,0,0,0,0,0,null,null,0,0,0,0,0,0,0,0,0,0,0,0,2055
AcHFT9hM7ewsWvwc5BGxhh4LxNW6B641ApfoK62Yr1n7,0,0,0,0,0,null,null,0,0,0,0,0,0,0,0,0,0,0,0,2570
B1cNA6QBuKyvPk2qvU5cfpqEDcTzaWdvuhUKJDn3uzNy,0,0,113401,0,0,1684576822,1687130916,438866,438866,0,4,4,0,0,0,0,0,0,7369,10674
BVct7mv8HPQwRp8x5xPZkj5HXcppMroGAC7eur7v8oYg,0,0,33333,0,4989,1684576822,1684576822,33333,33333,0,1,1,0,0,0,0,0,0,4989,4989
6wWCviZYfvh9jmU1wJtUXw7TF4AAQDHGB5DahRRVQ6nB,0,0,0,0,0,null,null,0,0,0,0,0,0,0,0,0,0,0,0,865
5rYgzY4ViRPBJFyhaXPMznTLvvBH2LPQYsT9BkgtMJ9X,0,0,1498,0,0,null,null,0,0,0,0,0,0,0,0,0,0,0,0,170
J5qZVbYQFGwTDC6ew3NMYjLgiGwWWEhbjPzmT2y1wztv,0,0,11112,0,1465,null,null,0,0,0,0,0,0,0,0,0,0,0,0,1465
Fd1UotedJbfuspoYKjrGgkExwzsszQPgbYJD3Hu8MZSn,0,0,10536,0,2900,null,null,0,0,0,0,0,0,0,0,0,0,0,0,7557.5
CxUPhL8xK75y6DGnUBAwWvQhhfpLqdQw7YuDdVERrod3,0,0,29715,0,0,null,null,0,0,0,0,0,0,0,0,0,0,0,0,9305
Fwo5yzx7a7bwzMH8qitz1CesrMJgrZDuCkNC85UpkPWd,0,0,0,0,0,null,null,0,0,0,0,0,0,0,0,0,0,0,0,2610
78UCUCRK99NMxKMSkZCMvNr313Aitxg2e7VNWAivFR6P,0,0,6581,0,0,null,null,0,0,0,0,0,0,0,0,0,0,0,0,2409
9wnG39BGsp8RxLcZ7XdK8sRtgaXyYrHR6XU1r8W2Dy9x,0,0,0,0,0,null,null,0,0,0,0,0,0,0,0,0,0,0,0,2141.4
2prS3HfJLhqSzudJ5WmkvoCqHpLqvz4iGRpBVVxBSVh9,0,0,0,0,0,null,null,0,0,0,0,0,0,0,0,0,0,0,0,7125
EGL59UmjajEPdf7eDXzkGp7gi824eCYzfL6guBrGgvAx,0,0,568343,0,8720,null,null,0,0,0,0,0,0,0,0,0,0,0,0,51450
8BXx8o9QfJ2CSC8DMynxmTQuX6xyMtgjwBdWKf4UbrqM,0,0,50684,0,0,null,null,0,0,0,0,0,0,0,0,0,0,0,0,24605
35v6gwHJHYXJeBSuZmda6jNP4p1SULa9EXmBTqtAtZUc,0,0,0,0,0,null,null,0,0,0,0,0,0,0,0,0,0,0,0,25322.500003
GSzMEHSSk9BHjymGt6zXWsKSAFeVryuw13pazARcBMb5,0,0,6500,0,4665,null,null,0,0,0,0,0,0,0,0,0,0,0,0,3008
DHbJSLwfamNT58uwus2xSDZAQRmQKLYv8d5zY2R14WAw,0,0,0,0,0,null,null,0,0,0,0,0,0,0,0,0,0,0,0,1025
9hJEEXYxdGSLD53GnuH4w1Z7XMQAxVin2tnZJQW4JT5N,0,0,2300,0,195,null,null,0,0,0,0,0,0,0,0,0,0,0,0,310
9xDdyQXVNxRDBdYwWypAunYEU6wNydzwgnyhkmM2rBgA,0,0,0,0,0,null,null,0,0,0,0,0,0,0,0,0,0,0,0,500
6FgmjH6wjvdWEHbYBL9YXhKwKXzqrGyAtaHRidbGw132,0,0,5,0,4,null,null,0,0,0,0,0,0,0,0,0,0,0,0,0
5mWVgHWCnZg6dAd2tWrCTuj5gn2xBjSpHymJoLr7Rr5R,0,0,0,0,0,null,null,0,0,0,0,0,0,0,0,0,0,0,0,2250
C9wBQEx29v9Jxg7cBXE9QZmU6hW8B5TXtMvh5MasRPMq,0,0,1055,0,3100,null,null,0,0,0,0,0,0,0,0,0,0,0,0,1255
7dEHcPjm5u3ghorGStN6TirTvNednPhhmEjtfVrhehzv,0,0,75719,0,0,null,null,0,0,0,0,0,0,0,0,0,0,0,0,11330
6Ff6Wmt1Kh4V7Nrbn1tvPcy8PUhDqhM1tdiYZjeUEkA4,0,0,1026638,0,0,1684576822,1687099823,7054759,7054759,0,8,8,0,0,0,0,0,0,16889,26899
Fxy5kBVgQfSyeCp8EkvuhjJumLe13cq87bTbYmjtwz7k,0,0,0,0,6482,null,null,0,0,0,0,0,0,0,0,0,0,0,0,0
9Tftu1iJHwmth2QSp22QER4isFewT8RFK56tk79iJ3Ek,0,0,40,0,0,null,null,0,0,0,0,0,0,0,0,0,0,0,0,0
5JCoYYZanEPaCFZwvC33DW9txmzbk1jbaDRTSRCED7uM,0,0,0,0,0,null,null,0,0,0,0,0,0,0,0,0,0,0,0,225
6PDVx8ehuwBuoEwvmi6v56DzPzm96a9YiNH4kG4Rb7Dw,0,0,46343,0,0,null,null,0,0,0,0,0,0,0,0,0,0,0,0,3850
8zbC1cAGZJd1ucXfNufkqBasvQaCDSb5Sx294tWHKL2,0,0,8023,0,8720,null,null,0,0,0,0,0,0,0,0,0,0,0,0,2185
94DwKZLkXsxqbJ8GVRPQYLVWSEf4N2EtjeGGhD7dDcF2,0,0,1475,0,8865,null,null,0,0,0,0,0,0,0,0,0,0,0,0,145
7aadaHbDLrEryv7VJZnGqENVi7VLni6WBSVajN1txZEK,0,0,0,0,0,null,null,0,0,0,0,0,0,0,0,0,0,0,0,3300
5oG9HeVXu92fmKDuxSC4YvsQdjJv3Wq1yy2HLRrLjpr7,0,0,2895,0,5955,null,null,0,0,0,0,0,0,0,0,0,0,0,0,520
BQC45PGH9ND7hhNYpdnn56E7drE1s79GTUm7PvM38DRd,0,0,0,0,0,null,null,0,0,0,0,0,0,0,0,0,0,0,0,2080
7k9Aim2PtrfVP4H648soRPYqjLznAV6HwSvunVBCW7PQ,0,0,33421,0,865,null,null,0,0,0,0,0,0,0,0,0,0,0,0,865
8kj54eAztQ3UzYLdCDGCUjz36KNwJbzKWEj51u8Jfj5w,0,0,6574,0,0,1685519129,1687289398,13148,13148,0,2,2,0,0,0,0,0,0,0,0
DqHiYPrcf6G794bxNXSTKLUqbdxZLEVTDdzYZsuvBHhA,0,0,51365,0,0,null,null,0,0,0,0,0,0,0,0,0,0,0,0,1875
G2mZqeHFoEtQC6z5vrVETikfaFXYv7tBzS9Qqq2Rdyyy,0,0,1247,0,3253,null,null,0,0,0,0,0,0,0,0,0,0,0,0,518
FDXUDFHyERZWHBC3VvX8BEPmL2bQ3YvDKaaoe52oCKau,0,0,0,0,0,null,null,0,0,0,0,0,0,0,0,0,0,0,0,960
ChdRba84hfp7qDSwZ9eexZnQit8Eb1W9cXABr1ADA9cf,0,0,0,0,2148,null,null,0,0,0,0,0,0,0,0,0,0,0,0,520
JCkH1jkqHrbJeXndvAXAswW3PhC3vKzovy58ZdetTEqL,0,0,2685843,0,0,1687130916,1687130916,2685843,2685843,0,1,1,0,0,0,0,0,0,0,49295
6s1FDNgVqrCJ5gDcSNkb1CaMUB94zvpLisRUZLU587RZ,0,0,191,0,0,null,null,0,0,0,0,0,0,0,0,0,0,0,0,0
CyNCEX5N65vWDfmt2KMYH1UBQFXDjsJw6yMXs6aXzh2t,0,0,1352,0,2609,null,null,0,0,0,0,0,0,0,0,0,0,0,2609,2609
GVE4V7qp9Ym5y4kiEpZd6iTmGTzK1dCmkzmuZufoCt7s,0,0,0,0,0,null,null,0,0,0,0,0,0,0,0,0,0,0,0,7125
2F4BxHi7KNgoX6TQqCu2tqhWEJiJHqPGepZWxY7Nn5JK,0,0,0,0,0,null,null,0,0,0,0,0,0,0,0,0,0,0,0,890
H14gzn6mMyTBJLgr2JmFaLn5mWkQHM3hGJXj3xhTb1Cs,0,0,0,0,0,null,null,0,0,0,0,0,0,0,0,0,0,0,0,29785
8tZDggyhG8ai22mKtpThytmKD1NRYCDh5ixyju61kKLo,0,0,0,0,0,null,null,0,0,0,0,0,0,0,0,0,0,0,0,0
DWoCVJgBKrCJJLmw9dvJkzEhXr2CLNaXz5TxcuYzAyTA,0,0,0,0,0,null,null,0,0,0,0,0,0,0,0,0,0,0,0,115
78614swbA2xWQmBr2gFxYpwMyGQ6o9C5ZwWkf5fZgCee,0,0,1245,0,6003,null,null,0,0,0,0,0,0,0,0,0,0,0,0,1418
FFwsHXsvAFpCQuMnFQZRRouKYEXg16V1uZqdVxKcfZar,0,0,0,0,0,null,null,0,0,0,0,0,0,0,0,0,0,0,0,9485
2Wizu6M1XhJvGhw4kpZL8QLQqu295rNFAKEss1DcPofa,0,0,1958,0,0,null,null,0,0,0,0,0,0,0,0,0,0,0,0,610
BGfc9w5WHge864tBRXc6svxGXya1nYwBKMwYjWFpGMbv,0,0,13572,0,0,null,null,0,0,0,0,0,0,0,0,0,0,0,0,0
9DN2MSKSpZY8V2yYh1VeQj3t2WAVUkE9G4i1sVNy6Eik,0,0,0,0,0,null,null,0,0,0,0,0,0,0,0,0,0,0,0,2155
88Ph8YFXQBKuNdK6LMsANFnwvDGj77ExAsNyZ2BFwc84,0,0,63,0,0,null,null,0,0,0,0,0,0,0,0,0,0,0,0,0
5gC4hXVJXZiKUNqzjt7nbra2G6AT6XseupQfTHHBF9Tu,0,0,695,0,0,null,null,0,0,0,0,0,0,0,0,0,0,0,0,1320
5d2iwr5JmhAPUeXGxUVKbfxJyqFAR4BDHJPx4ixhcYZ6,0,0,4822,0,3195,null,null,0,0,0,0,0,0,0,0,0,0,0,0,1520
8jxbnkcWeQdWwU22XEsaX1vS1TVbeCu43SzEnYRYzXr3,0,0,6,0,0,null,null,0,0,0,0,0,0,0,0,0,0,0,0,0
BcgYRPQC4mE3e195FmTx4mspmGbDx5xdcdKuLwNG89ov,0,0,657300,0,0,1684576822,1687289398,3274371,3274371,0,5,5,0,0,0,0,0,0,12129,464516.999955
FpGe2qCiX2NDjU8ju7wPUSavEkZN26mQV11vwRaS26p3,0,0,0,0,0,null,null,0,0,0,0,0,0,0,0,0,0,0,0,495
9imB92RMXqakDKshWMehQRiebD4EoDNkJYtuJLsY7fyF,0,0,0,0,0,null,null,0,0,0,0,0,0,0,0,0,0,0,0,3358
9fyRmY3yvSatBVadP27B63rzxgKTgjNAtqwaJnfgqQqE,0,0,0,0,0,null,null,0,0,0,0,0,0,0,0,0,0,0,0,9225
48V9nmW9awiR9BmihdGhUL3ZpYJ8MCgGeUoSWbtqjicv,0,0,2451,0,2987,null,null,0,0,0,0,0,0,0,0,0,0,0,0,95
6uy4T7KzfpgqRcM5SHAYiqo1CxgVWKTJWUWbDaYn7TCc,0,0,259310,0,14509,null,null,0,0,0,0,0,0,0,0,0,0,0,14509,30859
CcNvtJa6odPnxUpAstTfY2qf2FxbSd5AKJGJvJsacf44,0,0,7910,0,174,null,null,0,0,0,0,0,0,0,0,0,0,0,0,1765
8oDBAVjZDbirZJNYotu8fpAUyK3SKGWk9NgrxCuy7Nib,0,0,26001,0,13252,null,null,0,0,0,0,0,0,0,0,0,0,0,0,8475
3U1kmVZknXX1Y6x6Yk4Mii3a5EL6iUbbw5x32M1z3P5q,0,0,8807,0,5810,null,null,0,0,0,0,0,0,0,0,0,0,0,0,45
3nryBDu2hqmpyAjssubxVda3Si1QAfA9yEAFAdV4TQop,0,0,46,0,0,null,null,0,0,0,0,0,0,0,0,0,0,0,0,0
39uzgTY1HVGwHVb8hdYEkCwedu8BFxPXg1MQJa58rxcF,0,0,33936,0,21215,null,null,0,0,0,0,0,0,0,0,0,0,0,0,1875
JCwT943XNmPFqMGgdbkC1sawZALyAcZbptfqAMdGRdNv,0,0,0,0,14527,null,null,0,0,0,0,0,0,0,0,0,0,0,0,13157.2
4YBr9cyePhQJtZMMMWGUMsqe6RDYcTjeYAX1e2K1rkYp,0,0,1645,0,8865,null,null,0,0,0,0,0,0,0,0,0,0,0,0,145
BxpLhsyyeAb4UZ4Ec9aHqCLjTD3GsnnN2ryun9MR1het,0,0,8694,0,0,null,null,0,0,0,0,0,0,0,0,0,0,0,0,465
G4dBM91SDhXpPJm3ZY5jEJQfoXAaYLQpZgTwqS4BQfzV,0,0,32284,0,2900,null,null,0,0,0,0,0,0,0,0,0,0,0,0,10284
HfW97Lwm186yH9WWaq1RF322nVyn8vVmhSgy92bjBZkt,0,0,0,0,0,null,null,0,0,0,0,0,0,0,0,0,0,0,0,6150
7a5tBL41AQ4hUNKLkfaeqBRuwP2pP5F9rNLP5WGgVkiX,0,0,2,0,0,null,null,0,0,0,0,0,0,0,0,0,0,0,0,0
9fJ78F1Jj2qGnQ2TACnH96Ddut8emW3xy777XVrYdmUB,0,0,30732,0,0,null,null,0,0,0,0,0,0,0,0,0,0,0,0,9710
4bqXEYv8A828At5A8BmnYs6XFJnXEtwZ5tV1ePugwroZ,0,0,34206,0,0,null,null,0,0,0,0,0,0,0,0,0,0,0,0,5270
2QE9cetztT82uEtMqsdczyra42KhqgkM4gnL265ohtrL,0,0,0,0,0,null,null,0,0,0,0,0,0,0,0,0,0,0,0,0
CktpFrxgAg5W6SaPveZQ5zpEqZeKZieCzba2MD14q2vK,0,0,0,0,3215,null,null,0,0,0,0,0,0,0,0,0,0,0,0,170
DfBkSs751F9sMueh97ZNyiBBY2AjZf3A7zzGYvg8hgtX,0,0,0,0,0,null,null,0,0,0,0,0,0,0,0,0,0,0,0,9540
EAgfwtbjMpWSd51ZFbR7vJ6Aeqje7r6dWbGNgP9iz1oa,0,0,0,0,40072,null,null,0,0,0,0,0,0,0,0,0,0,0,0,5090
FKWLj5nK8LV9mpWXqzFMRUBQ5jgNbpzHqrQ61UXmZK4N,0,0,0,0,0,null,null,0,0,0,0,0,0,0,0,0,0,0,0,0
81NMR1peytqNdkW5ZBpTiSW3qUXSA8riDUuodYgZufyv,0,0,0,0,0,null,null,0,0,0,0,0,0,0,0,0,0,0,0,3351.6
2gb16gTyzzPtJ2EKi7AZSd9Dsxc191ieFKbJ313BeDvs,0,0,0,0,0,null,null,0,0,0,0,0,0,0,0,0,0,0,0,8175
5V1VzNTvkxZsiJafg38d9UVAhaTpcywCi2dUXTtt91Xm,0,0,0,0,1373,null,null,0,0,0,0,0,0,0,0,0,0,0,0,170
9WFZNffyVg6GGtqTrs1tXzXCFkN2fA8CVQsGfGeyVMfJ,0,0,24910,0,10025,null,null,0,0,0,0,0,0,0,0,0,0,0,0,10285
7RZvGv6A8pLgvsBfNpyA9EQ8fUdxEF7yH5vfVqY2UA2a,0,0,578,0,0,null,null,0,0,0,0,0,0,0,0,0,0,0,0,0
66BjNoAEArMC7WwiTvvBQTaXfTgnq8F6fPnNrVSGdxN2,0,0,0,0,0,null,null,0,0,0,0,0,0,0,0,0,0,0,0,0
FB7m2iMB3MNoFE46wpfZRXp6wBx5FheZZEe2DrPyjthV,0,0,0,0,0,null,null,0,0,0,0,0,0,0,0,0,0,0,0,525
68kSjSHoKy5sJ3yBKQStKk5vFtLYWaZN6qKEBjuj94Tv,0,0,760,0,10239,null,null,0,0,0,0,0,0,0,0,0,0,0,0,0
61w6KSfvBpEdYgyiqRVoNU9e5kDcXMzaLUr5HASeJjhp,0,0,0,0,33926,null,null,0,0,0,0,0,0,0,0,0,0,0,0,865
E4bDwfhpWYU4eNguhMevrn9GXzBGHaS5YDd8dBdJvGpw,0,0,0,0,1466,null,null,0,0,0,0,0,0,0,0,0,0,0,0,3000
F4KVnYtmfFBhGMpyN8ZSQgSzeozaPZX1b2CE5jWBwcsm,0,0,1077,0,5860,null,null,0,0,0,0,0,0,0,0,0,0,0,0,50
B1coZgYBAtgFjuqwauNNaNK4vEVwBhgY6LK7zkxUuV23,0,0,0,0,0,1684576822,1684576822,103968,103968,0,1,1,0,0,0,0,0,0,14509,19409
3sB4AiJ2cX3Kaznj34cdTSSMyhyfcD38YNiQnxP5YiNt,0,0,0,0,115,null,null,0,0,0,0,0,0,0,0,0,0,0,0,115
259kcBSc27oKzqHC2fZUfVBwPEKqzhn6qrj6vbzHHkou,0,0,31422,0,5810,null,null,0,0,0,0,0,0,0,0,0,0,0,0,7025
5Snfw22HseLRYi5TTgSMebb38u5RLK2vcSA9v4KywJVo,0,0,51917,0,0,null,null,0,0,0,0,0,0,0,0,0,0,0,0,0
9apnHjEQ8enLaPLxP7z9VQTphWE4nWqZcyHJYocQMpSE,0,0,174,0,1496,null,null,0,0,0,0,0,0,0,0,0,0,0,0,0
HA7WVkEXFpdBGZVK76Hene1tv7rFWwYgesVWtTDdcJLm,0,0,26,0,0,null,null,0,0,0,0,0,0,0,0,0,0,0,0,0
ENcB4qF8wfSaZvA9x7fD6JdtHRoXhHmhKDBAgW94dMAy,0,0,27967,0,11735,null,null,0,0,0,0,0,0,0,0,0,0,0,0,18685
9gZkQ5CVC6siPgkpDcaqUP6FVxixD77RyuQZYVF5yEMf,0,0,0,0,12,null,null,0,0,0,0,0,0,0,0,0,0,0,0,2005
4DAgtAumECrfAb3ccrBwib3A1u3BQgwTucnmDVK1bPPd,0,0,1722,0,245,null,null,0,0,0,0,0,0,0,0,0,0,0,0,470
648eTPXYLaJhRemQw14X8pTfKSWZAMnmfUVd6uLBpguX,0,0,10,0,0,null,null,0,0,0,0,0,0,0,0,0,0,0,0,0
EGMTUd1CeWQibDC5ya88dM1qAh2c8bZeRPqerLyEDLqB,0,0,0,0,0,null,null,0,0,0,0,0,0,0,0,0,0,0,0,7125
DGSUW7WdinzapNgdikmcopKdBzK7C23qqBbZkDtiL3Tc,0,0,0,0,0,null,null,0,0,0,0,0,0,0,0,0,0,0,0,6540
wwm872RcvN7XwNZBjXLSHfAYrFUATKgkV9v3BewHj5M,0,0,0,0,15,null,null,0,0,0,0,0,0,0,0,0,0,0,0,0
3Efr7xvv6fbmYHt2kfiTPMrwQNmW364yVKVWid6qJX1Y,0,0,0,0,1,null,null,0,0,0,0,0,0,0,0,0,0,0,0,39710
AvCXdBvp1aTGPcG7832nqqmki121zf9gNUWCAP6TRNxx,0,0,0,0,1429,null,null,0,0,0,0,0,0,0,0,0,0,0,0,225
Bqr2Xd5EyJVoLjxniCbujekNkT37izbJ5upkVTkbVqz6,0,0,0,0,0,null,null,0,0,0,0,0,0,0,0,0,0,0,0,5805
A3LsTeRJo5XtuwEzY4fV4LG5ks6vgSXJMMXSEK2pXpTa,0,0,40745,0,0,null,null,0,0,0,0,0,0,0,0,0,0,0,0,1135
DcLN5EYHBSexnKdipnSmiFAKevcxGijURonzaWfri8Cq,0,0,0,0,0,null,null,0,0,0,0,0,0,0,0,0,0,0,0,6660
CAyUN2HnWs2EKqJdFwcqPoH2NfNRz54uuvcHKiAL9mQt,0,0,0,0,1,null,null,0,0,0,0,0,0,0,0,0,0,0,0,0
55WF5w8jYfogWo6zCjZspBXwt42stEnvxuHphQYydc1r,0,0,11682,0,37489,null,null,0,0,0,0,0,0,0,0,0,0,0,2609,3819
3CmdAVwb6z8f7vNyxPPzCeUvAekvz3w2gVygm9tFkQwo,0,0,0,0,0,null,null,0,0,0,0,0,0,0,0,0,0,0,0,4875
Epi29vEWt4UXLV4MUk2ekv4v61BxS1yGbWyxwMB46xBm,0,0,0,0,0,null,null,0,0,0,0,0,0,0,0,0,0,0,0,2785
8uox1JozhJyo2XQbC92iSw1TM6gf5XWS1cLdVduELn1r,0,0,1277,0,0,null,null,0,0,0,0,0,0,0,0,0,0,0,0,0
GfLmR62rWWswSr3QZkJRgCpg9sRvz7X4uWZkdVsgxQuZ,0,0,0,0,0,1684576822,1684576822,361512,361512,0,1,1,0,0,0,0,0,0,14509,65959
C8hp7p1YTH4hhVeamPLqGVRSzC1ejdvAwKBcv89qPfiQ,0,0,0,0,0,1684576822,1684576822,103968,103968,0,1,1,0,0,0,0,0,0,14509,19409
DnwJm4GC53YYddKuHmNeeVhjNCQ1R69dMQPfGBYz3ALh,0,0,3000,0,245,null,null,0,0,0,0,0,0,0,0,0,0,0,0,245
EjSQWTKV56T5212EkqfipLCrAcZaTyiapCFVJyLDetxL,0,0,9861,0,0,1684576822,1684576822,7252,7252,0,1,1,0,0,0,0,0,0,2609,2804
548ivRdcAFZTmKnPzrfABUHzpLsF6SLakJ3s7B7AwzXa,0,0,0,0,0,null,null,0,0,0,0,0,0,0,0,0,0,0,0,735
GH6FqGgFbdeYHiTXqVxdxKWY6YBA1pUSw5viiMWNfUSa,0,0,0,0,443,null,null,0,0,0,0,0,0,0,0,0,0,0,0,0
9dewJqYKVvHkT4rTsvu6c5ymGs6qszpA5xdQzhRbij6X,0,0,26317,0,903077,null,null,0,0,0,0,0,0,0,0,0,0,0,0,9280
EgwQVmHDVcusQv8NepYQZhk5ph7cffB2CALXabmAkTYY,0,0,3758,0,3195,null,null,0,0,0,0,0,0,0,0,0,0,0,0,1295
AsZD6YM4qbX9JqU2RdNT1XAcMc3v5ZWTdSzcaGxLtgv3,0,0,0,0,222283,null,null,0,0,0,0,0,0,0,0,0,0,0,0,4875
8ajdd45B5PpSnmqrk5CuUaqrBrLrqp8WrcA1aRbmyhvv,0,0,128352,0,0,1684576822,1687364522,770112,770112,0,6,6,0,0,0,0,0,0,0,1875
5v3srropNPW8gaSR7jH2G6D7BATn3xvCsFXxca7FdWSM,0,0,0,0,0,null,null,0,0,0,0,0,0,0,0,0,0,0,0,1518
9UJT3oX7g81JTdwDRehoS5Jp2iJqWxDoPsr6vhiGdv1Y,0,0,0,0,0,null,null,0,0,0,0,0,0,0,0,0,0,0,0,0
66pEvUxvYYMDHAmhPo6UpwRf5TnW8PnrVcMtVadB7rbj,0,0,107500,0,0,null,null,0,0,0,0,0,0,0,0,0,0,0,0,52350
7g8hfSWo1PYw2sANYf6LVmgEnCf5Ua6XiwXeBvHmN8jv,0,0,33,0,17440,null,null,0,0,0,0,0,0,0,0,0,0,0,0,2495
GadrUMEEnK8sw2HvpdbgHNt2ZZxh3GVmWUxYSndTWgkP,0,0,0,0,0,null,null,0,0,0,0,0,0,0,0,0,0,0,0,1215
AGAVova9eshPKo2PGaGEah4n8M9A3ZazFpLpyRUo4LVr,0,0,23999,0,0,1685294598,1685294598,23999,23999,0,1,1,0,0,0,0,0,0,0,0
6W4mspuuDvGok2dVZYkLQJxFAGzceKmfHRUTURjnii9B,3,3,1191120,0,0,1687099823,1687364522,5915600,5915600,0,5,5,0,0,0,0,0,0,0,0
6qWP977HvKLis7hkZdSGgsn35yUGk5FS9SUnAgLJfojn,0,0,0,0,5846,null,null,0,0,0,0,0,0,0,0,0,0,0,0,1105
BdXWSnSuL3aXB2QQqHUh2TXoqctkkLPecJGQs1aEj2DM,0,0,12892,0,7275,null,null,0,0,0,0,0,0,0,0,0,0,0,0,2570
Dp9zaK7ZTBkEnT5T84HDPwtQehGPgnndJKDmBQvrjm3E,0,0,0,0,0,null,null,0,0,0,0,0,0,0,0,0,0,0,0,0
EGF6rhmn3psHzTRpM7tPCkDGrN1Dw4EKP99SZZkQRBTW,0,0,1616,0,195,null,null,0,0,0,0,0,0,0,0,0,0,0,0,310
XdegqfH9m4yfDxMMTbXa3keo63qxLd3yKad4Dm3aDbw,0,0,0,0,0,null,null,0,0,0,0,0,0,0,0,0,0,0,0,0
yTa8h1FawMMEB6Ps7ZVQkX49vmKhvpW4xqnz6dW4EqD,0,0,0,0,72,null,null,0,0,0,0,0,0,0,0,0,0,0,0,0
FceqDiyvfkxHtTN1QSKUDLJ6iY7VQHKbkARwcbUavq4W,0,0,1000,0,0,null,null,0,0,0,0,0,0,0,0,0,0,0,0,0
GryCY2q2uSJEL783nW9w48rXb4x9q9irFsLAqaPzkmWb,0,0,0,0,0,null,null,0,0,0,0,0,0,0,0,0,0,0,0,0
8DSiP9CwJm3AEcH6uuAYFpArRRDLYpDQgjHEvjkUgfg2,0,0,0,0,0,null,null,0,0,0,0,0,0,0,0,0,0,0,0,1050
2f6V9y7ZfRGDb5m6Zpp95eVGQ3F25ajTbar1Um1E48Ui,0,0,0,0,0,null,null,0,0,0,0,0,0,0,0,0,0,0,0,1000
9RPncnrWF16ogtFxYiCeLTdYYK1NzE6VFEf2LQgbhAFh,0,0,0,0,0,null,null,0,0,0,0,0,0,0,0,0,0,0,0,570
GDqRhkTEaUohLcsRJgdccQugH6xPvWnc6xEiADEZmapu,0,0,30655,0,0,null,null,0,0,0,0,0,0,0,0,0,0,0,0,4020
2Jm2SUuc7G1XqxXx9wCJ9yWsnmw2H3o6eVPmi3sBBPaL,0,0,0,0,0,1684576822,1684576822,103968,103968,0,1,1,0,0,0,0,0,0,14509,19409
3UZr12QqZF9aHH1t6BzmghjYaJ7k8z9Jijp2VzdYX1Vm,0,0,222901,0,0,1684576822,1686504517,965245,965245,0,5,5,0,0,0,0,0,0,0,15540
Bw3ThDvrwnXkkETcDSC3GkcFbra7qc1aeGKR6S6F2ke2,0,0,228203,0,0,1686362943,1686362943,228203,228203,0,1,1,0,0,0,0,0,0,9749,10614
524cV9ySWVvLvEU8mJjzWAJBECsRMtmKaeKq31bsueXi,0,0,0,0,1336,null,null,0,0,0,0,0,0,0,0,0,0,0,0,225
EsmVpPTeNJiJ1FZqR2k9xNUJmiuq9QYUWuZk6D4zp6k9,0,0,3268,0,2945,null,null,0,0,0,0,0,0,0,0,0,0,0,0,45
FtzNrvFRQXYB5NiW6qTS4eCdAm4QeKWenAXVqyvaJvGF,0,0,3472,0,0,null,null,0,0,0,0,0,0,0,0,0,0,0,0,1000
A5KZtjKcDkDibwNKQ9zhG1LPvuL6iXr2VR8UvEyM7dEL,0,0,0,0,3,null,null,0,0,0,0,0,0,0,0,0,0,0,0,195
D8quLVQiJBJTWhFyLXACxAj6dDe8kZQaT5KCXDkHSFF,0,0,0,0,0,null,null,0,0,0,0,0,0,0,0,0,0,0,0,45
AYrq553sqpS7f5xeYdGoNJLTSB4ddx5eRQKqyGkt9mR9,0,0,0,0,0,null,null,0,0,0,0,0,0,0,0,0,0,0,0,515
7xUGbu5qU878pjzMMBoWxijpHhANDReyLbPDH4L5DWzF,0,0,0,0,1,null,null,0,0,0,0,0,0,0,0,0,0,0,0,9887.312501
3ZJHTMc1QvSDawG9ZWHEVWPn7dzw3s3cUbUqFX6KH6Z2,0,0,0,0,1,null,null,0,0,0,0,0,0,0,0,0,0,0,0,0
8uQPJ8jYBdd2fhvz2yfsn2bbAnNAmbd58SMPZ76vQJgr,0,0,0,0,0,null,null,0,0,0,0,0,0,0,0,0,0,0,0,4132
ArWLpgcbC6nGGirahJM8wkyo5B2p3vCiuThRTKuUwmuM,0,0,18083,0,5810,null,null,0,0,0,0,0,0,0,0,0,0,0,0,0
C11DGC2g4CxQDRxE9RpMhXoNoU2m4P1bzScow89ZzuW5,0,0,0,0,0,null,null,0,0,0,0,0,0,0,0,0,0,0,0,11508
ESZb6BDNqftFddcUAdWb9R1LN3B42d763MEd9KdCnsvf,0,0,1019,0,3050,null,null,0,0,0,0,0,0,0,0,0,0,0,0,205.00001
Ev7kp4NfhVjvUqKMwhKCcvXRb2t828gDaSqWsD2gtPzT,0,0,161627,0,0,1685294598,1687364522,1403735,1242108,161627,11,10,1,0,0,0,0,0,22609,22609
3bMUvdjeaqmvtM1NvzAxV9h4yxNDSJj55kYdVHXcDtZi,0,0,0,0,0,null,null,0,0,0,0,0,0,0,0,0,0,0,0,6260
DjwmsBuJcwp8KmC2ZV7qHAaL44f7mjgtYLBQfFTURTCr,0,0,24811,0,3850,null,null,0,0,0,0,0,0,0,0,0,0,0,0,6105
2n3H2nqLTW4SXxsNgnXt945HjsQqxw1ow52V2t1PxCHJ,0,0,0,0,0,null,null,0,0,0,0,0,0,0,0,0,0,0,0,4405
GgnepE7qk1PUXef7aLd9wXrDghA1AWM7m2gsYfu2p6uo,0,0,6360,0,960,null,null,0,0,0,0,0,0,0,0,0,0,0,0,1795
4Dq7RaW9m5sGawBPUE3ewNYybW6Xt7X3mK537PgqTHv6,0,0,1548,0,2995,null,null,0,0,0,0,0,0,0,0,0,0,0,0,95
E4mQmbU4crQNpRwPXgixUENNsk8Kvk7u7qApm2jr4FK9,0,0,0,0,0,null,null,0,0,0,0,0,0,0,0,0,0,0,0,2325
6XbeDCCBvv7UWfRCUX6R26nidck3TW39Q2izZNYAwxC7,0,0,0,0,0,null,null,0,0,0,0,0,0,0,0,0,0,0,0,9530
5xagYvsPyGB8Fda5omUirEaun4p9H9ZTz8qhWAhiQYkQ,0,0,0,0,0,null,null,0,0,0,0,0,0,0,0,0,0,0,0,52450
ApB2Vz6uT36B4nChdrSwresQqB2rPwys2FQ4qgijEyAU,0,0,0,0,0,null,null,0,0,0,0,0,0,0,0,0,0,0,0,1290
6sg3N9iZw5wQgMvNmuK8QyojsLJaUw7pW7KUKPKvuic,0,0,30596,0,46845,null,null,0,0,0,0,0,0,0,0,0,0,0,0,9280
9RSpFWGntExNNa6puTVtynmrNAJZRso6w4gFWuMr1o3n,0,0,0,0,0,null,null,0,0,0,0,0,0,0,0,0,0,0,0,1000
36b1juUgcv7gpAJBzJSpanTaKc3hLymVvq1thk952KC7,0,0,1711,0,0,null,null,0,0,0,0,0,0,0,0,0,0,0,0,115
ECXiBwburMfDs6c45MQRdHaqDjQS5929xFD4m5zCx1sv,0,0,0,0,0,null,null,0,0,0,0,0,0,0,0,0,0,0,0,7025
AQKdSSA8Y7Fr1n85WgdgZk7ntwZgTGSuyEyuQx2jxVQY,0,0,7394,0,6275,null,null,0,0,0,0,0,0,0,0,0,0,0,0,1653
5BCfXnkNKn3mW3gtBptBBR9wcNoBrJ3EcDifA2ayxif1,0,0,0,0,0,null,null,0,0,0,0,0,0,0,0,0,0,0,0,57458.578703
4nPPUQ8vuefz8MpkAghGojiUAKWxkvK7NGF9jZuTJCcP,0,0,0,0,0,null,null,0,0,0,0,0,0,0,0,0,0,0,0,0
DTaCwavH7jZunda46R5rUh5FwHgHAWLt7dsfgqCRjASo,0,0,1540,0,0,null,null,0,0,0,0,0,0,0,0,0,0,0,0,520
GgvJGJDSJxyi1vbb8aGeZJzK1j3gRhHDsrEWGEdkjaPE,0,0,5771,0,510,null,null,0,0,0,0,0,0,0,0,0,0,0,0,510
8NdcaYUC1X5CP7FMDip78uqtqmCt8GcZdCzLRTYTihmb,0,0,0,0,0,null,null,0,0,0,0,0,0,0,0,0,0,0,0,0
G9ZUtLKZj6twzutMS1QPYSLoxSvAu4qZpNpBxqFLv2Er,0,0,27866,0,4900,null,null,0,0,0,0,0,0,0,0,0,0,0,0,4900
6ESNX8wz9VyZepseACzDEYxXMKfYn5Z3bCdDhtNSNhmk,0,0,0,0,0,null,null,0,0,0,0,0,0,0,0,0,0,0,0,8405
H6S9znd4mWtz3ug5wMt4yAzekKscbCfYkskCrc6y8uRr,0,0,10108,0,2335,null,null,0,0,0,0,0,0,0,0,0,0,0,0,2870
C6FoYczjiHJQRTUKGRLwnmDnDuQ8BR54XrcXGPhamxL2,0,0,0,0,0,null,null,0,0,0,0,0,0,0,0,0,0,0,0,0
EBLyVjie81BHWm59qyoRwEdRRXrCaCHrf8An5Hq8spQJ,0,0,0,0,0,null,null,0,0,0,0,0,0,0,0,0,0,0,0,55
2QV34PBFCeBfNFNVWQGFc181aLHxA7Gyf5MGZWvQW1Yo,0,0,5650,0,0,null,null,0,0,0,0,0,0,0,0,0,0,0,0,1060
BLWmdweeyc3q6Tv8nV98LWwQzTvjdHTLDRLQxbfqVgB6,0,0,0,0,0,null,null,0,0,0,0,0,0,0,0,0,0,0,0,1810
56CRgykvwrWcCyKY1L5UCc3NgCKz57ZE7AMJcP5tccCu,0,0,0,0,1,null,null,0,0,0,0,0,0,0,0,0,0,0,0,0
7pGa9KNrfJXmm1CaYEXwMUPhmkPh4PvhB4gqXcHBEFjN,0,0,26256,0,0,null,null,0,0,0,0,0,0,0,0,0,0,0,0,10330
Cui1zPLdi2n9zQMpYG2QEJzuvimUmVSULHNDSpYbroUV,0,0,47039,0,0,null,null,0,0,0,0,0,0,0,0,0,0,0,0,10330
31oUjo2Z9HafY2nzfBUpavXazEgmAvBH8HMS7vgb8Kbd,0,0,0,0,126416,null,null,0,0,0,0,0,0,0,0,0,0,0,0,17770